{
  "assume_beta": {
    "__category__": "Distributions",
    "EnzymeForward": 2.6644729758828594,
    "EnzymeReverse": 4.381250793603369,
    "FiniteDifferences": 24.27309026585148,
    "ForwardDiff": 1.6501325198275223,
    "Mooncake": 7.373782904685851,
    "ReverseDiff": 28.615053295101205,
    "ReverseDiffCompiled": 2.601748889063214,
    "Zygote": 983.2589881075136
  },
  "assume_dirichlet": {
    "__category__": "Distributions",
    "EnzymeForward": 2.468917281470006,
    "EnzymeReverse": 2.950096979921664,
    "FiniteDifferences": 22.786759463588528,
    "ForwardDiff": 1.3538695958700053,
    "Mooncake": 8.443910897692412,
    "ReverseDiff": 27.44694183353766,
    "ReverseDiffCompiled": 2.8351541498926025,
    "Zygote": "error"
  },
  "demo_assume_dot_observe_literal": {
    "__category__": "DynamicPPL demo models",
    "EnzymeForward": 2.780162791157121,
    "EnzymeReverse": 2.7315588141536495,
    "FiniteDifferences": 37.21992781286875,
    "ForwardDiff": 1.35894227202313,
    "Mooncake": 8.12123289031925,
    "ReverseDiff": 29.8027199173696,
    "ReverseDiffCompiled": 3.147126127338808,
    "Zygote": 1792.7757645580227
  },
  "demo_assume_index_observe": {
    "__category__": "DynamicPPL demo models",
    "EnzymeForward": 3.1414623146738823,
    "EnzymeReverse": 4.237384911854972,
    "FiniteDifferences": 60.98498397165513,
    "ForwardDiff": 1.3012912123916447,
    "Mooncake": 6.047864519217617,
    "ReverseDiff": 23.91094854570394,
    "ReverseDiffCompiled": 2.373790599200435,
    "Zygote": "error"
  },
  "demo_assume_matrix_observe_matrix_index": {
    "__category__": "DynamicPPL demo models",
    "EnzymeForward": 3.632045669456799,
    "EnzymeReverse": 7.097234164517054,
    "FiniteDifferences": 60.963429832995054,
    "ForwardDiff": 1.4281551794855405,
    "Mooncake": 8.310515796756093,
    "ReverseDiff": 45.67912659966741,
    "ReverseDiffCompiled": 2.7553728092704075,
    "Zygote": "error"
  },
  "demo_assume_multivariate_observe": {
    "__category__": "DynamicPPL demo models",
    "EnzymeForward": 3.6090341984363157,
    "EnzymeReverse": 7.330175943344031,
    "FiniteDifferences": 67.51915999134012,
    "ForwardDiff": 1.4605492843711765,
    "Mooncake": 8.999361955039682,
    "ReverseDiff": 44.73168364871422,
    "ReverseDiffCompiled": 2.9819994262765346,
    "Zygote": 1289.0209267563528
  },
  "demo_assume_multivariate_observe_literal": {
    "__category__": "DynamicPPL demo models",
    "EnzymeForward": 3.563286921754989,
    "EnzymeReverse": 6.313454004347877,
    "FiniteDifferences": 66.84475613643608,
    "ForwardDiff": 1.3909587143466768,
    "Mooncake": 8.76533258568725,
    "ReverseDiff": 44.34779898174765,
    "ReverseDiffCompiled": 2.9356624366807664,
    "Zygote": 1126.925945936525
  },
  "demo_assume_observe_literal": {
    "__category__": "DynamicPPL demo models",
    "EnzymeForward": 2.8507923400574104,
    "EnzymeReverse": 2.8531820297260095,
    "FiniteDifferences": 39.24808051462959,
    "ForwardDiff": 1.369820523164527,
    "Mooncake": 8.509609423434595,
    "ReverseDiff": 33.124316986254875,
    "ReverseDiffCompiled": 3.4504214772140083,
    "Zygote": 1649.2556542668035
  },
  "demo_assume_submodel_observe_index_literal": {
    "__category__": "DynamicPPL demo models",
    "EnzymeForward": 2.9879081015719473,
    "EnzymeReverse": 5.198388096714198,
    "FiniteDifferences": 60.518422287178375,
    "ForwardDiff": 1.2333015554281623,
    "Mooncake": 5.676408699701615,
    "ReverseDiff": 26.635447246489584,
    "ReverseDiffCompiled": 2.2846648619883854,
    "Zygote": "error"
  },
  "demo_dot_assume_observe": {
    "__category__": "DynamicPPL demo models",
    "EnzymeForward": 3.6235236068708176,
    "EnzymeReverse": 6.068163151667014,
    "FiniteDifferences": 61.66724131865038,
    "ForwardDiff": 1.3586638980380925,
    "Mooncake": 7.154934999820937,
    "ReverseDiff": 34.43975522262081,
    "ReverseDiffCompiled": 2.4099153040562604,
    "Zygote": "error"
  },
  "demo_dot_assume_observe_index": {
    "__category__": "DynamicPPL demo models",
    "EnzymeForward": 3.296095218208394,
    "EnzymeReverse": 4.900187489347196,
    "FiniteDifferences": 61.391931902294594,
    "ForwardDiff": 1.2887226571129742,
    "Mooncake": 7.138964384048317,
    "ReverseDiff": 33.35864535128313,
    "ReverseDiffCompiled": 2.7877771141481924,
    "Zygote": "error"
  },
  "demo_dot_assume_observe_index_literal": {
    "__category__": "DynamicPPL demo models",
    "EnzymeForward": 3.7433778120220875,
    "EnzymeReverse": 4.5666975980041675,
    "FiniteDifferences": 64.28217488789238,
    "ForwardDiff": 1.2999208402745779,
    "Mooncake": 7.146407766990291,
    "ReverseDiff": 34.55764450512901,
    "ReverseDiffCompiled": 2.837762205010216,
    "Zygote": "error"
  },
  "assume_lkjcholu": {
    "__category__": "Distributions",
    "EnzymeForward": 4.372852525939786,
    "EnzymeReverse": 14.03936545240893,
    "FiniteDifferences": 148.70681381957772,
    "ForwardDiff": 2.4465185352282126,
    "Mooncake": 6.41597546525406,
    "ReverseDiff": 49.34130903526465,
    "ReverseDiffCompiled": 6.233233437929697,
    "Zygote": "error"
  },
  "demo_dot_assume_observe_matrix_index": {
    "__category__": "DynamicPPL demo models",
    "EnzymeForward": 3.688464533484355,
    "EnzymeReverse": 6.989828045531605,
    "FiniteDifferences": 64.97270497184121,
    "ForwardDiff": 1.2804433360043939,
    "Mooncake": 7.362527441399334,
    "ReverseDiff": 36.897627308730236,
    "ReverseDiffCompiled": 2.086876155268022,
    "Zygote": "error"
  },
  "demo_dot_assume_observe_submodel": {
    "__category__": "DynamicPPL demo models",
    "EnzymeForward": 3.1702258134333743,
    "EnzymeReverse": 6.102531910441515,
    "FiniteDifferences": 59.36066262739466,
    "ForwardDiff": 1.2410278745644598,
    "Mooncake": 6.021466096092961,
    "ReverseDiff": 28.51371786562973,
    "ReverseDiffCompiled": 2.25388986475461,
    "Zygote": "error"
  },
  "dot_assume": {
    "__category__": "Core Turing syntax",
    "EnzymeForward": 2.89504010350707,
    "EnzymeReverse": 1.9212019350478424,
    "FiniteDifferences": 80.54155955441304,
    "ForwardDiff": 1.3581230633023462,
    "Mooncake": 5.044147925245486,
    "ReverseDiff": 21.458561810231135,
    "ReverseDiffCompiled": 2.278053701691759,
    "Zygote": "error"
  },
  "dot_observe": {
    "__category__": "Core Turing syntax",
    "EnzymeForward": 2.8548467728128744,
    "EnzymeReverse": 2.3820068412456834,
    "FiniteDifferences": 29.034980538162124,
    "ForwardDiff": 1.753529916666521,
    "Mooncake": 10.087344246606255,
    "ReverseDiff": 53.60806345009914,
    "ReverseDiffCompiled": 5.374550515139951,
    "Zygote": "error"
  },
  "dynamic_constraint": {
    "__category__": "Core Turing syntax",
    "EnzymeForward": 2.440517722578844,
    "EnzymeReverse": 2.4719542076313834,
    "FiniteDifferences": 36.799985715816156,
    "ForwardDiff": 1.257664206777545,
    "Mooncake": 7.874841131264179,
    "ReverseDiff": 31.64702242283052,
    "ReverseDiffCompiled": 2.694396181697945,
    "Zygote": 1130.9643684119578
  },
  "multiple_constraints_same_var": {
    "__category__": "Core Turing syntax",
    "EnzymeForward": 3.019631274336552,
    "EnzymeReverse": 9.432905314466554,
    "FiniteDifferences": 59.56992928917008,
    "ForwardDiff": 1.2911334993148438,
    "Mooncake": 12.27851487654098,
    "ReverseDiff": 26.169602738749024,
    "ReverseDiffCompiled": 2.3707726170539676,
    "Zygote": "error"
  },
  "multithreaded": {
    "__category__": "Base Julia features",
    "EnzymeForward": 3.4588267821759366,
    "EnzymeReverse": 10.843309023432445,
    "FiniteDifferences": 15.209349162603349,
    "ForwardDiff": 1.0859646588665801,
    "Mooncake": "error",
    "ReverseDiff": "error",
    "ReverseDiffCompiled": "error",
    "Zygote": "error"
  },
  "n010": {
    "__category__": "Effect of model size",
    "EnzymeForward": 4.118806040585182,
    "EnzymeReverse": 2.0347449267192785,
    "FiniteDifferences": 139.9608938547486,