{
  "assume_beta": {
    "__category__": "Distributions",
    "EnzymeForward": 2.695124237512756,
    "EnzymeReverse": 4.27058485038711,
    "FiniteDifferences": 24.580852430927393,
    "ForwardDiff": 1.6886389954656436,
    "Mooncake": 7.126913372582002,
    "ReverseDiff": 28.441492079713846,
    "ReverseDiffCompiled": 2.7063413644058802,
    "Zygote": 965.2038086680029
  },
  "control_flow": {
    "__category__": "Base Julia features",
    "EnzymeForward": 2.742892094828313,
    "EnzymeReverse": 3.3425075613922366,
    "FiniteDifferences": 42.09988068859724,
    "ForwardDiff": 1.5725138487752628,
    "Mooncake": 9.928816066450475,
    "ReverseDiff": 18.92809743327073,
    "ReverseDiffCompiled": "wrong",
    "Zygote": 1104.2978999487793
  },
  "dot_assume": {
    "__category__": "Core Turing syntax",
    "EnzymeForward": 3.0591123082831353,
    "EnzymeReverse": 1.9341109510592698,
    "FiniteDifferences": 78.41227621483377,
    "ForwardDiff": 1.3806842467153555,
    "Mooncake": 5.269892060870591,
    "ReverseDiff": 22.2756517294258,
    "ReverseDiffCompiled": 2.1937652976142443,
    "Zygote": "error"
  }
}