{
  "assume_beta": {
    "EnzymeForward": 2.7630838074917023,
    "EnzymeReverse": 4.150428720201921,
    "FiniteDifferences": 24.119854659153383,
    "ForwardDiff": 1.5353469302346874,
    "Mooncake": 7.21750690970157,
    "ReverseDiff": 27.677636271013753,
    "ReverseDiffCompiled": 2.587645148373894,
    "Zygote": 943.673953392452
  },
  "assume_dirichlet": {
    "EnzymeForward": 2.473093394729622,
    "EnzymeReverse": 3.091648238145053,
    "FiniteDifferences": 23.101324403008935,
    "ForwardDiff": 1.3150511508951406,
    "Mooncake": 8.70295012372585,
    "ReverseDiff": 27.477707679836463,
    "ReverseDiffCompiled": 2.769351281128645,
    "Zygote": 885.4886941396842
  },
  "demo_assume_dot_observe_literal": {
    "EnzymeForward": 2.6423890400215666,
    "EnzymeReverse": 2.7257291420942473,
    "FiniteDifferences": 37.76792376042868,
    "ForwardDiff": 1.318422519509476,
    "Mooncake": 8.39403472580368,
    "ReverseDiff": 29.198392337951088,
    "ReverseDiffCompiled": 3.165548216955697,
    "Zygote": 1615.6469417175808
  },
  "demo_assume_index_observe": {
    "EnzymeForward": 3.369034457342915,
    "EnzymeReverse": 4.290330046752766,
    "FiniteDifferences": 61.471846536019875,
    "ForwardDiff": 1.3136558353359107,
    "Mooncake": 6.440163619200784,
    "ReverseDiff": 22.44003198294243,
    "ReverseDiffCompiled": 2.2474202104902883,
    "Zygote": "error"
  },
  "demo_assume_matrix_observe_matrix_index": {
    "EnzymeForward": 3.502044862283513,
    "EnzymeReverse": 6.95258484201831,
    "FiniteDifferences": 63.14222108682165,
    "ForwardDiff": 1.410242363458097,
    "Mooncake": 8.410931495257906,
    "ReverseDiff": 46.5673260786427,
    "ReverseDiffCompiled": 2.7471411379182795,
    "Zygote": "error"
  },
  "demo_assume_multivariate_observe": {
    "EnzymeForward": 3.610117254084953,
    "EnzymeReverse": 7.139794032215473,
    "FiniteDifferences": 67.88880511273877,
    "ForwardDiff": 1.413860442230218,
    "Mooncake": 8.411796510199066,
    "ReverseDiff": 48.369470205735,
    "ReverseDiffCompiled": 3.0196462978254885,
    "Zygote": 1213.6554620384409
  },
  "demo_assume_multivariate_observe_literal": {
    "EnzymeForward": 3.4642532071648144,
    "EnzymeReverse": 6.916718105128111,
    "FiniteDifferences": 65.06243778053339,
    "ForwardDiff": 1.4018395503321412,
    "Mooncake": 8.982565976163452,
    "ReverseDiff": 47.79699949752351,
    "ReverseDiffCompiled": 2.909846812034226,
    "Zygote": 1103.12314072726
  },
  "demo_assume_observe_literal": {
    "EnzymeForward": 3.0106548108552635,
    "EnzymeReverse": 2.889502062163429,
    "FiniteDifferences": 39.664879356568356,
    "ForwardDiff": 1.3864176218754314,
    "Mooncake": 7.8039909233161096,
    "ReverseDiff": 31.241776966901323,
    "ReverseDiffCompiled": 3.458660552211713,
    "Zygote": 1577.7001546657502
  },
  "demo_assume_submodel_observe_index_literal": {
    "EnzymeForward": 3.2754637221675593,
    "EnzymeReverse": 4.503087076857569,
    "FiniteDifferences": 59.75935886791091,
    "ForwardDiff": 1.2330561123511667,
    "Mooncake": 5.866882644146767,
    "ReverseDiff": 27.139973733324116,
    "ReverseDiffCompiled": 2.2310079836809344,
    "Zygote": "error"
  },
  "demo_dot_assume_observe": {
    "EnzymeForward": 3.8023950670190225,
    "EnzymeReverse": 7.029892802450229,
    "FiniteDifferences": 64.15465067633524,
    "ForwardDiff": 1.2531710535963048,
    "Mooncake": 7.292154999472072,
    "ReverseDiff": 37.74224244931734,
    "ReverseDiffCompiled": 2.548551473470406,
    "Zygote": "error"
  },
  "demo_dot_assume_observe_index": {
    "EnzymeForward": 3.563125130594882,
    "EnzymeReverse": 5.310692470171833,
    "FiniteDifferences": 63.00107519174253,
    "ForwardDiff": 1.2743732873871887,
    "Mooncake": 7.0568755620114825,
    "ReverseDiff": 33.89486342552826,
    "ReverseDiffCompiled": 2.8663874043044926,
    "Zygote": "error"
  },
  "demo_dot_assume_observe_index_literal": {
    "EnzymeForward": 3.6674632169910315,
    "EnzymeReverse": 4.607328649709173,
    "FiniteDifferences": 62.30594068171757,
    "ForwardDiff": 1.3075925036040366,
    "Mooncake": 7.044258373205741,
    "ReverseDiff": 34.62741742255691,
    "ReverseDiffCompiled": 2.8612958241455346,
    "Zygote": "error"
  },
  "assume_lkjcholu": {
    "EnzymeForward": 4.526449559966179,
    "EnzymeReverse": 12.440695012832073,
    "FiniteDifferences": 150.6022149474124,
    "ForwardDiff": 2.4097556503002795,
    "Mooncake": 6.205568722399359,
    "ReverseDiff": 55.916397053761955,
    "ReverseDiffCompiled": 6.417748311933668,
    "Zygote": "error"
  },
  "demo_dot_assume_observe_matrix_index": {
    "EnzymeForward": 3.927523127217083,
    "EnzymeReverse": 6.9584491432994415,
    "FiniteDifferences": 63.74667474949185,
    "ForwardDiff": 1.296030255184508,
    "Mooncake": 7.518176131229581,
    "ReverseDiff": 36.611941335928265,
    "ReverseDiffCompiled": 2.7717118536467007,
    "Zygote": "error"
  },
  "demo_dot_assume_observe_submodel": {
    "EnzymeForward": 3.303912631911089,
    "EnzymeReverse": 5.34424509495331,
    "FiniteDifferences": 61.540279382417815,
    "ForwardDiff": 1.266745740780677,
    "Mooncake": 6.103738708889896,
    "ReverseDiff": 31.448526597780326,
    "ReverseDiffCompiled": 2.0052692680507653,
    "Zygote": "error"
  },
  "dot_assume": {
    "EnzymeForward": 2.8822946141381895,
    "EnzymeReverse": 2.2775623635280886,
    "FiniteDifferences": 78.67219359175444,
    "ForwardDiff": 1.379224030037547,
    "Mooncake": 5.131260545189403,
    "ReverseDiff": 22.322315470867444,
    "ReverseDiffCompiled": 2.3506221139045667,
    "Zygote": "error"
  },
  "dot_observe": {
    "EnzymeForward": 2.7300614443963456,
    "EnzymeReverse": 2.4365279526629546,
    "FiniteDifferences": 29.143033970568013,
    "ForwardDiff": 1.6781860835846976,
    "Mooncake": 9.670425155966198,
    "ReverseDiff": 56.65816502378162,
    "ReverseDiffCompiled": 5.472374852519805,
    "Zygote": "error"
  },
  "dppl_gauss_unknown": {
    "EnzymeForward": 5.849854678127513,
    "EnzymeReverse": 6.776523702031604,
    "FiniteDifferences": 27.475923758568804,
    "ForwardDiff": 4.166025748202642,
    "Mooncake": 46.38088512241055,
    "ReverseDiff": 11.31139198949442,
    "ReverseDiffCompiled": 4.761402369745172,
    "Zygote": 165.92072480181199
  },
  "dppl_hier_poisson": {
    "EnzymeForward": "error",
    "EnzymeReverse": 3.028942500385386,
    "FiniteDifferences": "wrong",
    "ForwardDiff": 2.997971925080526,
    "Mooncake": "wrong",
    "ReverseDiff": 23.479151154132534,
    "ReverseDiffCompiled": 2.055648166307119,
    "Zygote": "error"
  },
  "dppl_high_dim_gauss": {
    "EnzymeForward": 33327.93111432706,
    "EnzymeReverse": 4.51802988378528,
    "FiniteDifferences": 123155.92897548711,
    "ForwardDiff": 16810.3258900547,
    "Mooncake": 45.91005335817735,
    "ReverseDiff": 7.43648734359684,
    "ReverseDiffCompiled": 5.199732248596879,
    "Zygote": 36.26285801495651
  },
  "dppl_logistic_regression": {
    "EnzymeForward": "wrong",
    "EnzymeReverse": "wrong",
    "FiniteDifferences": "wrong",
    "ForwardDiff": 33.805334587792544,
    "Mooncake": "wrong",
    "ReverseDiff": 47.634969909612664,
    "ReverseDiffCompiled": 5.688533359055414,
    "Zygote": "error"
  },
  "dppl_sto_volatility": {
    "EnzymeForward": "error",
    "EnzymeReverse": 7.778006264469562,
    "FiniteDifferences": "wrong",
    "ForwardDiff": 77.9004946885585,
    "Mooncake": 3.1746883082055732,
    "ReverseDiff": "wrong",
    "ReverseDiffCompiled": 3.8080236119206887,
    "Zygote": "error"
  },
  "dynamic_constraint": {
    "EnzymeForward": 2.448239467543221,
    "EnzymeReverse": 2.4803994643488805,
    "FiniteDifferences": 36.81287184153427,
    "ForwardDiff": 1.2502910897429678,
    "Mooncake": 7.708048392656593,
    "ReverseDiff": 31.56859756097561,
    "ReverseDiffCompiled": 2.588343521870734,
    "Zygote": 1075.0001702707302
  },
  "assume_mvnormal": {
    "EnzymeForward": "error",
    "EnzymeReverse": 5.167161127950295,