{
  "assume_beta": {
    "EnzymeForward": 2.6260645116130528,
    "EnzymeReverse": 3.3066891782889547,
    "FiniteDifferences": 23.596391199356052,
    "ForwardDiff": 1.7089483877174565,
    "Mooncake": 6.912867013226295,
    "ReverseDiff": 28.234804072817038,
    "ReverseDiffCompiled": 2.5811181199311215,
    "Zygote": 975.3836452400327
  },
  "assume_dirichlet": {
    "EnzymeForward": 2.36121996933038,
    "EnzymeReverse": 3.0899552902308196,
    "FiniteDifferences": 22.929516933127044,
    "ForwardDiff": 1.2723482896305436,
    "Mooncake": 8.549086176653653,
    "ReverseDiff": 28.028018496317866,
    "ReverseDiffCompiled": 2.713742264607401,
    "Zygote": 663.1549611734252
  },
  "demo_assume_dot_observe_literal": {
    "EnzymeForward": 2.7162376264877155,
    "EnzymeReverse": 2.691786692827167,
    "FiniteDifferences": 38.02567492346228,
    "ForwardDiff": 1.3910552475723066,
    "Mooncake": 8.497649675540574,
    "ReverseDiff": 29.366805447745396,
    "ReverseDiffCompiled": 3.106244602514929,
    "Zygote": 1663.8725737223488
  },
  "demo_assume_index_observe": {
    "EnzymeForward": 3.20166605414676,
    "EnzymeReverse": 4.0631227493619555,
    "FiniteDifferences": 57.57325841945086,
    "ForwardDiff": 1.441792141020933,
    "Mooncake": 6.523100754310345,
    "ReverseDiff": 23.42910434752292,
    "ReverseDiffCompiled": 2.3444627789675714,
    "Zygote": "error"
  },
  "demo_assume_matrix_observe_matrix_index": {
    "EnzymeForward": 3.7184128211436405,
    "EnzymeReverse": 6.6427102887279865,
    "FiniteDifferences": 66.58827550846009,
    "ForwardDiff": 1.3637184856697053,
    "Mooncake": 8.951189694182906,
    "ReverseDiff": 44.06944444444445,
    "ReverseDiffCompiled": 2.7208985669583448,
    "Zygote": "error"
  },
  "demo_assume_multivariate_observe": {
    "EnzymeForward": 3.765424444903676,
    "EnzymeReverse": 7.562630926130099,
    "FiniteDifferences": 68.6936379834399,
    "ForwardDiff": 1.3947700349358916,
    "Mooncake": 9.03470687296074,
    "ReverseDiff": 49.34570988182908,
    "ReverseDiffCompiled": 2.98096225851249,
    "Zygote": 1328.4596079276173
  },
  "demo_assume_multivariate_observe_literal": {
    "EnzymeForward": 3.5466238844505975,
    "EnzymeReverse": 6.57819762581508,
    "FiniteDifferences": 66.37573385518591,
    "ForwardDiff": 1.4442659614333486,
    "Mooncake": 8.584757409592559,
    "ReverseDiff": 45.8953181272509,
    "ReverseDiffCompiled": 2.906040581997124,
    "Zygote": 1123.1398009341056
  },
  "demo_assume_observe_literal": {
    "EnzymeForward": 2.771011977625238,
    "EnzymeReverse": 2.864556187317381,
    "FiniteDifferences": 38.27621501183679,
    "ForwardDiff": 1.4372318269640931,
    "Mooncake": 8.584747495399712,
    "ReverseDiff": 31.090492653414003,
    "ReverseDiffCompiled": 3.515666610006232,
    "Zygote": 1598.0032301576034
  },
  "demo_assume_submodel_observe_index_literal": {
    "EnzymeForward": 3.135432656266733,
    "EnzymeReverse": 4.919190678412241,
    "FiniteDifferences": 59.2314609082072,
    "ForwardDiff": 1.2246737662154314,
    "Mooncake": 6.045066726906234,
    "ReverseDiff": 27.19576025410855,
    "ReverseDiffCompiled": 2.247636885590253,
    "Zygote": "error"
  },
  "demo_dot_assume_observe": {
    "EnzymeForward": 3.676165063659009,
    "EnzymeReverse": 6.693562822719449,
    "FiniteDifferences": 61.62925421462007,
    "ForwardDiff": 1.3007669412334741,
    "Mooncake": 7.339986710284195,
    "ReverseDiff": 39.36214584137907,
    "ReverseDiffCompiled": 2.507902910874638,
    "Zygote": "error"
  },
  "demo_dot_assume_observe_index": {
    "EnzymeForward": 3.4704486872419533,
    "EnzymeReverse": 5.665603921713169,
    "FiniteDifferences": 65.76913794008081,
    "ForwardDiff": 1.3174157186097482,
    "Mooncake": 6.862195384947165,
    "ReverseDiff": 32.39227994728446,
    "ReverseDiffCompiled": 2.6770087790431196,
    "Zygote": "error"
  },
  "demo_dot_assume_observe_index_literal": {
    "EnzymeForward": 3.8816137339055787,
    "EnzymeReverse": 4.400871055691432,
    "FiniteDifferences": 63.33403872606074,
    "ForwardDiff": 1.3234130039524625,
    "Mooncake": 6.932668959225209,
    "ReverseDiff": 34.99877511024008,
    "ReverseDiffCompiled": 2.9049012051569507,
    "Zygote": "error"
  },
  "assume_lkjcholu": {
    "EnzymeForward": 4.514711340971518,
    "EnzymeReverse": 13.950854171824709,
    "FiniteDifferences": 151.25776558293643,
    "ForwardDiff": 2.322773504726638,
    "Mooncake": 6.230750950570343,
    "ReverseDiff": 53.681935594971584,
    "ReverseDiffCompiled": 6.254518970659639,
    "Zygote": "error"
  },
  "demo_dot_assume_observe_matrix_index": {
    "EnzymeForward": 3.4581651869787464,
    "EnzymeReverse": 6.185693529312384,
    "FiniteDifferences": 60.65909011920898,
    "ForwardDiff": 1.2744505160898603,
    "Mooncake": 7.101104555192638,
    "ReverseDiff": 37.98805413616903,
    "ReverseDiffCompiled": 2.5630614906946407,
    "Zygote": "error"
  },
  "demo_dot_assume_observe_submodel": {
    "EnzymeForward": 3.2619790274188283,
    "EnzymeReverse": 5.428412779771058,
    "FiniteDifferences": 61.84441547153411,
    "ForwardDiff": 1.212753121393348,
    "Mooncake": 6.196515369343466,
    "ReverseDiff": 30.330786429474095,
    "ReverseDiffCompiled": 2.0186022224309705,
    "Zygote": "error"
  },
  "dot_assume": {
    "EnzymeForward": 2.873540228576694,
    "EnzymeReverse": 2.2579174678599836,
    "FiniteDifferences": 78.2443949310681,
    "ForwardDiff": 1.4222248462907152,
    "Mooncake": 5.055633445694001,
    "ReverseDiff": 21.27349871685201,
    "ReverseDiffCompiled": 2.2020466417048032,
    "Zygote": "error"
  },
  "dot_observe": {
    "EnzymeForward": 2.897250154554377,
    "EnzymeReverse": 2.487718399407416,
    "FiniteDifferences": 28.384451690406728,
    "ForwardDiff": 1.6922171432517075,
    "Mooncake": 9.780705706872176,
    "ReverseDiff": 55.68188098040219,
    "ReverseDiffCompiled": 5.242938342967245,
    "Zygote": "error"
  },
  "dynamic_constraint": {
    "EnzymeForward": 2.3165755392058056,
    "EnzymeReverse": 2.541103661681279,
    "FiniteDifferences": 36.60602237075433,
    "ForwardDiff": 1.3190983830251757,
    "Mooncake": 9.602540549769506,
    "ReverseDiff": 33.27020159241064,
    "ReverseDiffCompiled": 2.6363530901185808,
    "Zygote": 1278.1789451432194
  },
  "multiple_constraints_same_var": {
    "EnzymeForward": 5.180276781137877,
    "EnzymeReverse": 26.177663340843257,
    "FiniteDifferences": 59.224258508768784,
    "ForwardDiff": 1.253153566001785,
    "Mooncake": 12.602612353331859,
    "ReverseDiff": 27.047916218348757,
    "ReverseDiffCompiled": 2.390710382513661,
    "Zygote": "error"
  },
  "multithreaded": {
    "EnzymeForward": 2.8781522892352895,
    "EnzymeReverse": 10.701237078461276,
    "FiniteDifferences": 15.464102436350954,
    "ForwardDiff": 1.3298357271867207,
    "Mooncake": "error",
    "ReverseDiff": "error",
    "ReverseDiffCompiled": "error",
    "Zygote": "error"
  },
  "n010": {
    "EnzymeForward": 4.120226099778815,
    "EnzymeReverse": 2.110340097773714,
    "FiniteDifferences": 141.3059719832883,
    "ForwardDiff": 1.6532187181380305,
    "Mooncake": 4.640606890738594,
    "ReverseDiff": 23.249166782391335,
    "ReverseDiffCompiled": 2.305049760843888,
    "Zygote": "error"
  },
  "n050": {
    "EnzymeForward": 20.536957481832417,
    "EnzymeReverse": 2.3195707599223714,
    "FiniteDifferences": 628.2216805849682,
    "ForwardDiff": 8.60651507821319,
    "Mooncake": 4.0673680841701,
    "ReverseDiff": 25.345009311724848,
    "ReverseDiffCompiled": 2.310377284492901,
    "Zygote": "error"
  },
  "n100": {
    "EnzymeForward": 37.286107674502134,
    "EnzymeReverse": 2.4107378788485407,
    "FiniteDifferences": 1244.1986108943343,
    "ForwardDiff": 14.471439301102897,
    "Mooncake": 3.9224347965011783,
    "ReverseDiff": 25.49003064432682,
    "ReverseDiffCompiled": 2.6642968406758,
    "Zygote": "error"
  },
  "assume_mvnormal": {
    "EnzymeForward": "error",
    "EnzymeReverse": 5.320654922188089,