{
  "assume_beta": {
    "__category__": "Distributions",
    "EnzymeForward": 2.5990811838987526,
    "EnzymeReverse": 4.422988898377454,
    "FiniteDifferences": 23.71673171559477,
    "ForwardDiff": 1.537288569964121,
    "Mooncake": 6.837254621750485,
    "ReverseDiff": 28.286870942974804,
    "ReverseDiffCompiled": 2.531809141778467,
    "Zygote": 964.5032071949772
  },
  "control_flow": {
    "__category__": "Base Julia features",
    "EnzymeForward": 2.514397522843411,
    "EnzymeReverse": 3.3554967959273934,
    "FiniteDifferences": 41.49073601903791,
    "ForwardDiff": 1.5643395013101695,
    "Mooncake": 9.6480715228371,
    "ReverseDiff": 18.253335167102186,
    "ReverseDiffCompiled": "wrong",
    "Zygote": 1171.0153715354534
  },
  "dot_assume": {
    "__category__": "Core Turing syntax",
    "EnzymeForward": 2.9802645174622855,
    "EnzymeReverse": 1.9307877952077228,
    "FiniteDifferences": 78.36498761354252,
    "ForwardDiff": 1.3677320109739222,
    "Mooncake": 5.095348507074244,
    "ReverseDiff": 21.660417525065238,
    "ReverseDiffCompiled": 2.2562035694321803,
    "Zygote": "error"
  }
}