{
  "assume_beta": {
    "EnzymeForward": 2.6008273099516206,
    "EnzymeReverse": 4.162579251466661,
    "FiniteDifferences": 23.90106049650518,
    "ForwardDiff": 1.6784176034534959,
    "Mooncake": 6.805817067580284,
    "ReverseDiff": 27.38458944528747,
    "ReverseDiffCompiled": 3.0302095390481383,
    "Zygote": 967.2634159913748
  },
  "assume_dirichlet": {
    "EnzymeForward": 2.4716241315264496,
    "EnzymeReverse": 3.1320834837257685,
    "FiniteDifferences": 22.507951008255514,
    "ForwardDiff": 1.2885672760383835,
    "Mooncake": 8.361001244641129,
    "ReverseDiff": 26.312714424118084,
    "ReverseDiffCompiled": 2.834766466436665,
    "Zygote": 741.0478087649402
  },
  "demo_assume_dot_observe_literal": {
    "EnzymeForward": 2.983697088777879,
    "EnzymeReverse": 2.704878749170702,
    "FiniteDifferences": 37.216329525207,
    "ForwardDiff": 1.2180522568790186,
    "Mooncake": 8.506936119198492,
    "ReverseDiff": 27.795514466700904,
    "ReverseDiffCompiled": 3.0738317125877903,
    "Zygote": 1783.581266127645
  },
  "demo_assume_index_observe": {
    "EnzymeForward": 3.452458510492388,
    "EnzymeReverse": 4.305641130964607,
    "FiniteDifferences": 59.63221203556905,
    "ForwardDiff": 1.257769755939647,
    "Mooncake": 6.486195886109445,
    "ReverseDiff": 23.55190360758591,
    "ReverseDiffCompiled": 2.590687298699462,
    "Zygote": "error"
  },
  "demo_assume_matrix_observe_matrix_index": {
    "EnzymeForward": 3.774420643652868,
    "EnzymeReverse": 7.364033031625256,
    "FiniteDifferences": 66.26066613523723,
    "ForwardDiff": 1.3894344644045242,
    "Mooncake": 9.034371622664814,
    "ReverseDiff": 44.83407045111608,
    "ReverseDiffCompiled": 2.8175373134328363,
    "Zygote": "error"
  },
  "demo_assume_multivariate_observe": {
    "EnzymeForward": 3.547922568460812,
    "EnzymeReverse": 7.324490005125576,
    "FiniteDifferences": 67.06146100824435,
    "ForwardDiff": 1.4132924854373625,
    "Mooncake": 8.921076800443613,
    "ReverseDiff": 44.424433422883524,
    "ReverseDiffCompiled": 3.071163886258226,
    "Zygote": 1511.1801080929317
  },
  "demo_assume_multivariate_observe_literal": {
    "EnzymeForward": 3.572714167139924,
    "EnzymeReverse": 6.902660112261617,
    "FiniteDifferences": 66.03845205817106,
    "ForwardDiff": 1.393308051856425,
    "Mooncake": 8.418938922321367,
    "ReverseDiff": 46.245338333049254,
    "ReverseDiffCompiled": 3.0207212728922013,
    "Zygote": 1299.3811344805608
  },
  "demo_assume_observe_literal": {
    "EnzymeForward": 2.7624607483719275,
    "EnzymeReverse": 2.779521765595487,
    "FiniteDifferences": 37.77967468745799,
    "ForwardDiff": 1.3385780993907908,
    "Mooncake": 8.270757946837294,
    "ReverseDiff": 32.24098758484859,
    "ReverseDiffCompiled": 3.289327704706416,
    "Zygote": 1622.7468948385315
  },
  "demo_assume_submodel_observe_index_literal": {
    "EnzymeForward": 3.6219790434341723,
    "EnzymeReverse": 5.21008869179601,
    "FiniteDifferences": 60.38030076754767,
    "ForwardDiff": 1.2738746276480462,
    "Mooncake": 6.176476796960208,
    "ReverseDiff": 28.146093126385807,
    "ReverseDiffCompiled": 2.1730368370694366,
    "Zygote": "error"
  },
  "demo_dot_assume_observe": {
    "EnzymeForward": 3.701773882492219,
    "EnzymeReverse": 6.436046030871004,
    "FiniteDifferences": 62.90106204583566,
    "ForwardDiff": 1.2950276862690124,
    "Mooncake": 7.163904614856751,
    "ReverseDiff": 38.71089209855565,
    "ReverseDiffCompiled": 2.5699270461449766,
    "Zygote": "error"
  },
  "demo_dot_assume_observe_index": {
    "EnzymeForward": 3.5181068945708622,
    "EnzymeReverse": 5.153748389567881,
    "FiniteDifferences": 63.05651992778781,
    "ForwardDiff": 1.3038372781669287,
    "Mooncake": 7.343978661283927,
    "ReverseDiff": 33.810075275043424,
    "ReverseDiffCompiled": 2.7935432280357686,
    "Zygote": "error"
  },
  "demo_dot_assume_observe_index_literal": {
    "EnzymeForward": 3.6304757055347254,
    "EnzymeReverse": 5.500526339647731,
    "FiniteDifferences": 63.13041907514451,
    "ForwardDiff": 1.3150744044791958,
    "Mooncake": 7.25834699787182,
    "ReverseDiff": 34.926377787126626,
    "ReverseDiffCompiled": 2.8655041386553948,
    "Zygote": "error"
  },
  "assume_lkjcholu": {
    "EnzymeForward": 4.526832571525309,
    "EnzymeReverse": 13.862471427581907,
    "FiniteDifferences": 150.51213744174726,
    "ForwardDiff": 2.4108273479137887,
    "Mooncake": 6.356771199549994,
    "ReverseDiff": 51.197279388563615,
    "ReverseDiffCompiled": 6.163699623079153,
    "Zygote": "error"
  },
  "demo_dot_assume_observe_matrix_index": {
    "EnzymeForward": 3.534931597821756,
    "EnzymeReverse": 6.312790130340837,
    "FiniteDifferences": 66.38643246517262,
    "ForwardDiff": 1.2472757383383937,
    "Mooncake": 6.769385560142941,
    "ReverseDiff": 37.98543290931473,
    "ReverseDiffCompiled": 2.4877592302020908,
    "Zygote": "error"
  },
  "demo_dot_assume_observe_submodel": {
    "EnzymeForward": 3.780821917808219,
    "EnzymeReverse": 6.107800650054171,
    "FiniteDifferences": 60.51533264952427,
    "ForwardDiff": 1.237318290301584,
    "Mooncake": 6.362343929391504,
    "ReverseDiff": 30.740561990561993,
    "ReverseDiffCompiled": 1.9903729653569293,
    "Zygote": "error"
  },
  "dot_assume": {
    "EnzymeForward": 2.8563525199384716,
    "EnzymeReverse": 2.2534578534094276,
    "FiniteDifferences": 79.40964331943046,
    "ForwardDiff": 1.3585353355315926,
    "Mooncake": 5.229249650123802,
    "ReverseDiff": 22.541152611120502,
    "ReverseDiffCompiled": 2.1337790974236217,
    "Zygote": "error"
  },
  "dot_observe": {
    "EnzymeForward": 2.7163327710177914,
    "EnzymeReverse": 2.427726390249339,
    "FiniteDifferences": 28.94733797280972,
    "ForwardDiff": 1.6655901154668924,
    "Mooncake": 9.533806153602159,
    "ReverseDiff": 53.97906305012904,
    "ReverseDiffCompiled": 5.325460824352824,
    "Zygote": "error"
  },
  "dppl_gauss_unknown": {
    "EnzymeForward": 5.772211253701876,
    "EnzymeReverse": 5.358080071773017,
    "FiniteDifferences": 26.896439725171767,
    "ForwardDiff": 3.4768605034626803,
    "Mooncake": 32.736700648748844,
    "ReverseDiff": 9.731300560049782,
    "ReverseDiffCompiled": 3.4152060095606647,
    "Zygote": 94.65115442474982
  },
  "dppl_hier_poisson": {
    "EnzymeForward": "error",
    "EnzymeReverse": 3.082475423794411,
    "FiniteDifferences": "wrong",
    "ForwardDiff": 2.9468101639599036,
    "Mooncake": 3.866550634035449,
    "ReverseDiff": 23.95183424175654,
    "ReverseDiffCompiled": 2.058228951958142,
    "Zygote": "error"
  },
  "dppl_high_dim_gauss": {
    "EnzymeForward": 33715.92113101854,
    "EnzymeReverse": 4.531639351583084,
    "FiniteDifferences": 135545.5841015493,
    "ForwardDiff": 23818.133713890333,
    "Mooncake": 46.569605568445475,
    "ReverseDiff": 5.711867139632376,
    "ReverseDiffCompiled": 1.8983844633496605,
    "Zygote": 30.425462032452568
  },
  "dppl_hmm_semisup": {
    "EnzymeForward": "error",
    "EnzymeReverse": "error",
    "FiniteDifferences": "error",
    "ForwardDiff": 27.86736295254072,
    "Mooncake": "wrong",
    "ReverseDiff": "error",
    "ReverseDiffCompiled": "error",
    "Zygote": "error"
  },
  "dppl_lda": {
    "EnzymeForward": "error",
    "EnzymeReverse": "error",
    "FiniteDifferences": 7628.856594953288,
    "ForwardDiff": 170.8536000172922,
    "Mooncake": 9.377174383383817,
    "ReverseDiff": "error",
    "ReverseDiffCompiled": "error",
    "Zygote": 89.13022578938083
  },
  "dppl_logistic_regression": {
    "EnzymeForward": "wrong",
    "EnzymeReverse": "wrong",
    "FiniteDifferences": "wrong",
    "ForwardDiff": 40.07314415844114,
    "Mooncake": "wrong",
    "ReverseDiff": 44.0236238807234,
    "ReverseDiffCompiled": 5.738743341044882,
    "Zygote": "error"
  },
  "assume_mvnormal": {
    "EnzymeForward": "error",
    "EnzymeReverse": 3.912751029335168,
    "FiniteDifferences": 36.94683554681095,
    "ForwardDiff": 1.1470409160731743,