{
  "assume_beta": {
    "__category__": "Distributions",
    "EnzymeForward": 2.6711275273233457,
    "EnzymeReverse": 3.406591807028488,
    "FiniteDifferences": 23.76261730080191,
    "ForwardDiff": 1.6405641636869288,
    "Mooncake": 7.259211200273177,
    "ReverseDiff": 26.89662066223661,
    "ReverseDiffCompiled": 2.656085106382979,
    "Zygote": 1271.1456
  },
  "assume_dirichlet": {
    "__category__": "Distributions",
    "EnzymeForward": 2.594540616744564,
    "EnzymeReverse": 3.3410678384743524,
    "FiniteDifferences": 22.784980372077143,
    "ForwardDiff": 1.3096677911467178,
    "Mooncake": 8.317327117327117,
    "ReverseDiff": 28.164053075995174,
    "ReverseDiffCompiled": 2.9045883306206046,
    "Zygote": "error"
  },
  "demo_assume_dot_observe_literal": {
    "__category__": "DynamicPPL demo models",
    "EnzymeForward": 2.5709410464059803,
    "EnzymeReverse": 2.821842142787455,
    "FiniteDifferences": 38.875828854610184,
    "ForwardDiff": 1.3504214537359105,
    "Mooncake": 8.371260746100283,
    "ReverseDiff": 30.62566347280623,
    "ReverseDiffCompiled": 3.1347252573655244,
    "Zygote": 2153.3120108637386
  },
  "demo_assume_index_observe": {
    "__category__": "DynamicPPL demo models",
    "EnzymeForward": 3.2050150066308367,
    "EnzymeReverse": 4.031613229403911,
    "FiniteDifferences": 61.402871681730836,
    "ForwardDiff": 1.2764252588110832,
    "Mooncake": 6.038004427038992,
    "ReverseDiff": 24.01027221366204,
    "ReverseDiffCompiled": 2.3748991523980036,
    "Zygote": "error"
  },
  "demo_assume_matrix_observe_matrix_index": {
    "__category__": "DynamicPPL demo models",
    "EnzymeForward": 3.5895466589234513,
    "EnzymeReverse": 7.035563237836048,
    "FiniteDifferences": 67.76346766375849,
    "ForwardDiff": 1.3604307369795015,
    "Mooncake": 8.861765859572799,
    "ReverseDiff": 44.72417273448201,
    "ReverseDiffCompiled": 2.773300464097078,
    "Zygote": "error"
  },
  "demo_assume_multivariate_observe": {
    "__category__": "DynamicPPL demo models",
    "EnzymeForward": 3.6274453284138515,
    "EnzymeReverse": 7.008913773796192,
    "FiniteDifferences": 67.66613745413491,
    "ForwardDiff": 1.404143798613248,
    "Mooncake": 8.055605755195662,
    "ReverseDiff": 46.721976325270205,
    "ReverseDiffCompiled": 3.0168338985421115,
    "Zygote": 1650.8924297244641
  },
  "demo_assume_multivariate_observe_literal": {
    "__category__": "DynamicPPL demo models",
    "EnzymeForward": 3.6127325827011734,
    "EnzymeReverse": 6.598743634092438,
    "FiniteDifferences": 67.02602854743913,
    "ForwardDiff": 1.362334346504559,
    "Mooncake": 8.47793448589627,
    "ReverseDiff": 46.18070056658233,
    "ReverseDiffCompiled": 2.91888393499209,
    "Zygote": 1336.2425461101097
  },
  "demo_assume_observe_literal": {
    "__category__": "DynamicPPL demo models",
    "EnzymeForward": 2.817445213089112,
    "EnzymeReverse": 2.950592427433432,
    "FiniteDifferences": 37.794594026083296,
    "ForwardDiff": 1.3569851861177555,
    "Mooncake": 8.388479501816295,
    "ReverseDiff": 32.57380829461366,
    "ReverseDiffCompiled": 3.4147906781760327,
    "Zygote": 2009.3928682170542
  },
  "demo_assume_submodel_observe_index_literal": {
    "__category__": "DynamicPPL demo models",
    "EnzymeForward": 2.9561089230875996,
    "EnzymeReverse": 4.475161529498994,
    "FiniteDifferences": 58.689452715453974,
    "ForwardDiff": 1.1915467130281423,
    "Mooncake": 5.956516456047772,
    "ReverseDiff": 25.31607887087171,
    "ReverseDiffCompiled": 2.1530797101449277,
    "Zygote": "error"
  },
  "demo_dot_assume_observe": {
    "__category__": "DynamicPPL demo models",
    "EnzymeForward": 3.592068065673589,
    "EnzymeReverse": 6.2504878827662065,
    "FiniteDifferences": 61.03285655058043,
    "ForwardDiff": 1.2605811365375252,
    "Mooncake": 7.633770157748656,
    "ReverseDiff": 36.69985655809398,
    "ReverseDiffCompiled": 2.563595258364521,
    "Zygote": "error"
  },
  "demo_dot_assume_observe_index": {
    "__category__": "DynamicPPL demo models",
    "EnzymeForward": 3.570394070776626,
    "EnzymeReverse": 5.142353362067497,
    "FiniteDifferences": 62.68103448275862,
    "ForwardDiff": 1.2310300429184549,
    "Mooncake": 7.165547502919557,
    "ReverseDiff": 32.08576850094877,
    "ReverseDiffCompiled": 2.6867501885240284,
    "Zygote": "error"
  },
  "demo_dot_assume_observe_index_literal": {
    "__category__": "DynamicPPL demo models",
    "EnzymeForward": 3.629088305040971,
    "EnzymeReverse": 4.5765704126431235,
    "FiniteDifferences": 64.97281893906181,
    "ForwardDiff": 1.234274144851348,
    "Mooncake": 7.11063737219926,
    "ReverseDiff": 33.60468112518789,
    "ReverseDiffCompiled": 2.8236058004472975,
    "Zygote": "error"
  },
  "assume_lkjcholu": {
    "__category__": "Distributions",
    "EnzymeForward": 4.428243641902705,
    "EnzymeReverse": 13.785219399538107,
    "FiniteDifferences": 150.95911822944962,
    "ForwardDiff": 2.6382686761559215,
    "Mooncake": 6.352793218454697,
    "ReverseDiff": 53.496681621000334,
    "ReverseDiffCompiled": 6.454756285274501,
    "Zygote": "error"
  },
  "demo_dot_assume_observe_matrix_index": {
    "__category__": "DynamicPPL demo models",
    "EnzymeForward": 3.5746686788787123,
    "EnzymeReverse": 7.046024805924869,
    "FiniteDifferences": 61.78673930847844,
    "ForwardDiff": 1.2885593250008753,
    "Mooncake": 7.090356957199792,
    "ReverseDiff": 38.276109613001964,
    "ReverseDiffCompiled": 2.5965487784042374,
    "Zygote": "error"
  },
  "demo_dot_assume_observe_submodel": {
    "__category__": "DynamicPPL demo models",
    "EnzymeForward": 3.125061950192046,
    "EnzymeReverse": 5.330557868442964,
    "FiniteDifferences": 58.803101653507056,
    "ForwardDiff": 1.2393763039420227,
    "Mooncake": 5.760260563129606,
    "ReverseDiff": 29.004099642149882,
    "ReverseDiffCompiled": 1.9080692678426387,
    "Zygote": "error"
  },
  "dot_assume": {
    "__category__": "Core Turing syntax",
    "EnzymeForward": 3.0536608207049207,
    "EnzymeReverse": 1.8554406246830952,
    "FiniteDifferences": 78.42152067585594,
    "ForwardDiff": 1.3843679125578234,
    "Mooncake": 5.323241167828658,
    "ReverseDiff": 23.1628868821948,
    "ReverseDiffCompiled": 2.1307618327952187,
    "Zygote": "error"
  },
  "dot_observe": {
    "__category__": "Core Turing syntax",
    "EnzymeForward": 2.8969240800346983,
    "EnzymeReverse": 2.560400948590687,
    "FiniteDifferences": 28.952432986170397,
    "ForwardDiff": 1.6158214526656751,
    "Mooncake": 9.183309941093297,
    "ReverseDiff": 49.094631099105186,
    "ReverseDiffCompiled": 5.601107205754498,
    "Zygote": "error"
  },
  "dppl_gauss_unknown": {
    "__category__": "DynamicPPL arXiV paper",
    "EnzymeForward": 3.138270440251572,
    "EnzymeReverse": 6.164796736121231,
    "FiniteDifferences": 28.841487279843445,
    "ForwardDiff": 4.215427266797129,
    "Mooncake": 49.1597368052639,
    "ReverseDiff": 11.752121111295958,
    "ReverseDiffCompiled": 4.927329912266181,
    "Zygote": 219.72801996183765
  },
  "dppl_hier_poisson": {
    "__category__": "DynamicPPL arXiV paper",
    "EnzymeForward": 2.8461830611469807,
    "EnzymeReverse": "wrong",
    "FiniteDifferences": "wrong",
    "ForwardDiff": 2.8599913136178783,
    "Mooncake": 3.904347527000069,
    "ReverseDiff": 24.296458078032966,
    "ReverseDiffCompiled": 2.0688566013897662,
    "Zygote": "error"
  },
  "dppl_high_dim_gauss": {
    "__category__": "DynamicPPL arXiV paper",
    "EnzymeForward": 32642.542765273316,
    "EnzymeReverse": 5.849988447319779,
    "FiniteDifferences": 141645.11007805896,
    "ForwardDiff": 23574.584206807205,
    "Mooncake": 46.586006080589215,
    "ReverseDiff": 5.617510195545331,
    "ReverseDiffCompiled": 2.42614789361184,
    "Zygote": 36.11840622759398
  },
  "dppl_hmm_semisup": {
    "__category__": "DynamicPPL arXiV paper",
    "EnzymeForward": 35.28586596602361,
    "EnzymeReverse": "error",
    "FiniteDifferences": "error",