{
  "assume_beta": {
    "__category__": "Distributions",
    "EnzymeForward": 2.6841195546311725,
    "EnzymeReverse": 4.318403632431522,
    "FiniteDifferences": 25.570926845982527,
    "ForwardDiff": 1.6978630830929429,
    "Mooncake": 7.3961084424557475,
    "ReverseDiff": 29.079732658755084,
    "ReverseDiffCompiled": 2.6497375151433573,
    "Zygote": 992.601332649923
  },
  "control_flow": {
    "__category__": "Base Julia features",
    "EnzymeForward": 2.763308424409123,
    "EnzymeReverse": 3.364607766484233,
    "FiniteDifferences": 41.83166128209488,
    "ForwardDiff": 1.514428013965907,
    "Mooncake": 9.39421434671221,
    "ReverseDiff": 19.416689636163177,
    "ReverseDiffCompiled": "wrong",
    "Zygote": 1157.3000035407006
  },
  "dot_assume": {
    "__category__": "Core Turing syntax",
    "EnzymeForward": 3.0081183786273606,
    "EnzymeReverse": 1.9073143417092462,
    "FiniteDifferences": 78.77102489347388,
    "ForwardDiff": 1.3533029150422928,
    "Mooncake": 5.266765266417852,
    "ReverseDiff": 22.80722972518981,
    "ReverseDiffCompiled": 2.1851235929634027,
    "Zygote": "error"
  }
}