{
  "assume_beta": {
    "__category__": "Distributions",
    "FiniteDifferences": 26.013111976960868,
    "ForwardDiff": 1.7755859264240057,
    "MooncakeForward": 3.9032258064516125,
    "MooncakeReverse": 4.747408695652173
  },
  "assume_dirichlet": {
    "__category__": "Distributions",
    "FiniteDifferences": 23.12391155881851,
    "ForwardDiff": 1.3305012463000467,
    "MooncakeForward": 4.043439432993539,
    "MooncakeReverse": 6.801490175071222
  },
  "demo_assume_dot_observe": {
    "__category__": "DynamicPPL demo models",
    "FiniteDifferences": 42.34507328596047,
    "ForwardDiff": 1.5054020695654102,
    "MooncakeForward": 7.569375310307953,
    "MooncakeReverse": 6.217047176439714
  },
  "demo_assume_dot_observe_literal": {
    "__category__": "DynamicPPL demo models",
    "FiniteDifferences": 40.69376400298731,
    "ForwardDiff": 1.4223698871578778,
    "MooncakeForward": 7.575280478683619,
    "MooncakeReverse": 6.254205025264761
  },
  "demo_assume_index_observe": {
    "__category__": "DynamicPPL demo models",
    "FiniteDifferences": 65.4572119537053,
    "ForwardDiff": 1.4388101093332482,
    "MooncakeForward": 13.518245585305275,
    "MooncakeReverse": 5.628010710083327
  },
  "demo_assume_matrix_observe_matrix_index": {
    "__category__": "DynamicPPL demo models",
    "FiniteDifferences": 84.76375176304654,
    "ForwardDiff": 1.4259211160995884,
    "MooncakeForward": 13.237601458862228,
    "MooncakeReverse": 6.6934595514073045
  },
  "demo_assume_multivariate_observe": {
    "__category__": "DynamicPPL demo models",
    "FiniteDifferences": 65.5985357490385,
    "ForwardDiff": 1.518611296206363,
    "MooncakeForward": 13.644655685363904,
    "MooncakeReverse": 7.640476526721406
  },
  "demo_assume_multivariate_observe_literal": {
    "__category__": "DynamicPPL demo models",
    "FiniteDifferences": 71.02959892367551,
    "ForwardDiff": 1.5649308683561163,
    "MooncakeForward": 13.890200065357105,
    "MooncakeReverse": 6.849596678469146
  },
  "demo_assume_observe_literal": {
    "__category__": "DynamicPPL demo models",
    "FiniteDifferences": 42.83989883241521,
    "ForwardDiff": 1.5776168081383395,
    "MooncakeForward": 8.289197299324831,
    "MooncakeReverse": 6.4439253075710194
  },
  "demo_assume_submodel_observe_index_literal": {
    "__category__": "DynamicPPL demo models",
    "FiniteDifferences": 64.3635552249907,
    "ForwardDiff": 1.4308520376405112,
    "MooncakeForward": 12.152588930092021,
    "MooncakeReverse": 5.059818264744062
  },
  "demo_dot_assume_observe": {
    "__category__": "DynamicPPL demo models",
    "FiniteDifferences": 62.094710385010856,
    "ForwardDiff": 1.4323619421020777,
    "MooncakeForward": 13.627384029733658,
    "MooncakeReverse": 6.192472614586335
  },
  "demo_dot_assume_observe_index": {
    "__category__": "DynamicPPL demo models",
    "FiniteDifferences": 65.44791557830948,
    "ForwardDiff": 1.3732463581369347,
    "MooncakeForward": 13.0137327888403,
    "MooncakeReverse": 5.8326724616046475
  },
  "assume_lkjcholu": {
    "__category__": "Distributions",
    "FiniteDifferences": 158.26197553051773,
    "ForwardDiff": 2.723046284850982,
    "MooncakeForward": 22.8296495768343,
    "MooncakeReverse": 5.721560984663929
  },
  "demo_dot_assume_observe_index_literal": {
    "__category__": "DynamicPPL demo models",
    "FiniteDifferences": 67.30412893752404,
    "ForwardDiff": 1.4629988039578126,
    "MooncakeForward": 12.77842565597668,
    "MooncakeReverse": 6.275081016544431
  },
  "demo_dot_assume_observe_matrix_index": {
    "__category__": "DynamicPPL demo models",
    "FiniteDifferences": 66.15379233137419,
    "ForwardDiff": 1.3879781280220571,
    "MooncakeForward": 14.000329658254277,
    "MooncakeReverse": 6.347774255788313
  },
  "demo_dot_assume_observe_submodel": {
    "__category__": "DynamicPPL demo models",
    "FiniteDifferences": 65.21986098037797,
    "ForwardDiff": 1.3918032906497393,
    "MooncakeForward": 12.323039780916691,
    "MooncakeReverse": 5.358671939709983
  },
  "dot_assume": {
    "__category__": "Core Turing syntax",
    "FiniteDifferences": 86.68225589659555,
    "ForwardDiff": 1.6121877691645135,
    "MooncakeForward": 14.132087636704258,
    "MooncakeReverse": 5.805826753277063
  },
  "dot_observe": {
    "__category__": "Core Turing syntax",
    "FiniteDifferences": 33.343918158567774,
    "ForwardDiff": 1.86421096568379,
    "MooncakeForward": 4.473898307362084,
    "MooncakeReverse": 6.861202764773513
  },
  "dppl_gauss_unknown": {
    "__category__": "DynamicPPL arXiV paper",
    "FiniteDifferences": 26.859405079798798,
    "ForwardDiff": 1.5863401713559826,
    "MooncakeForward": 3.970699083800302,
    "MooncakeReverse": 8.551866740406282
  },
  "dppl_hier_poisson": {
    "__category__": "DynamicPPL arXiV paper",
    "FiniteDifferences": 166.650217764814,
    "ForwardDiff": 3.3582500590132973,
    "MooncakeForward": 22.94394170877894,
    "MooncakeReverse": 4.128677839851024
  },
  "dppl_high_dim_gauss": {
    "__category__": "DynamicPPL arXiV paper",
    "FiniteDifferences": 128567.84004302787,
    "ForwardDiff": 4088.921099258868,
    "MooncakeForward": 18164.721375332116,
    "MooncakeReverse": 3.538710531736456
  },
  "dppl_hmm_semisup": {
    "__category__": "DynamicPPL arXiV paper",
    "FiniteDifferences": "NaN",
    "ForwardDiff": 29.016860406106524,
    "MooncakeForward": 190.01811437219928,
    "MooncakeReverse": 4.573261672824992
  },
  "dppl_lda": {
    "__category__": "DynamicPPL arXiV paper",
    "FiniteDifferences": 3634.437436948005,
    "ForwardDiff": 89.51064989448146,
    "MooncakeForward": 455.2387564584312,
    "MooncakeReverse": 9.334125670302928
  },
  "assume_mvnormal": {
    "__category__": "Distributions",
    "FiniteDifferences": 39.30932378460267,
    "ForwardDiff": 1.2152378499213452,
    "MooncakeForward": 12.076519346517628,
    "MooncakeReverse": 9.363839669705833
  },
  "dppl_logistic_regression": {
    "__category__": "DynamicPPL arXiV paper",
    "FiniteDifferences": 1095.4264761371521,
    "ForwardDiff": 55.01548696096087,
    "MooncakeForward": 185.32375188834686,
    "MooncakeReverse": 4.958320290778392
  },
  "dppl_naive_bayes": {
    "__category__": "DynamicPPL arXiV paper",
    "FiniteDifferences": 2830.3312339173794,
    "ForwardDiff": 274.26822401588043,
    "MooncakeForward": 729.3353916913314,
    "MooncakeReverse": 7.658198728572489
  },
  "dppl_sto_volatility": {
    "__category__": "DynamicPPL arXiV paper",
    "FiniteDifferences": 6678.527218225419,
    "ForwardDiff": 89.24811856671198,
    "MooncakeForward": 1318.2232668713489,
    "MooncakeReverse": 4.75177551705936
  },
  "dynamic_constraint": {
    "__category__": "Core Turing syntax",
    "FiniteDifferences": 40.9034443525031,
    "ForwardDiff": 1.4241673461046607,
    "MooncakeForward": 7.171068534541959,
    "MooncakeReverse": 5.904553253044472
  },
  "multiple_constraints_same_var": {
    "__category__": "Core Turing syntax",
    "FiniteDifferences": 62.49238414540751,
    "ForwardDiff": 1.3598795689449432,
    "MooncakeForward": 17.29801324503311,
    "MooncakeReverse": 14.819523269012487
  },
  "multithreaded": {
    "__category__": "Base Julia features",
    "FiniteDifferences": 13.320702219277907,
    "ForwardDiff": 0.9336787760736776,
    "MooncakeForward": "error",
    "MooncakeReverse": "error"
  },
  "n010": {
    "__category__": "Effect of model size",
    "FiniteDifferences": 145.57204375759682,
    "ForwardDiff": 2.0577743686746452,
    "MooncakeForward": 27.892269222754738,
    "MooncakeReverse": 5.328629032258065
  },
  "n050": {
    "__category__": "Effect of model size",
    "FiniteDifferences": 630.1103642671293,
    "ForwardDiff": 10.623793490460155,
    "MooncakeForward": 134.39239646978953,
    "MooncakeReverse": 5.590292701000371
  },
  "n100": {
    "__category__": "Effect of model size",
    "FiniteDifferences": 1234.7100691269522,
    "ForwardDiff": 17.31195292386907,