{
  "assume_beta": {
    "__category__": "Distributions",
    "EnzymeForward": 2.7092051666720858,
    "EnzymeReverse": 4.377149877149877,
    "FiniteDifferences": 24.07222764340977,
    "ForwardDiff": 1.6540450100416473,
    "Mooncake": 7.065609957364875,
    "ReverseDiff": 27.97866850163427,
    "ReverseDiffCompiled": 2.6470407395619344,
    "Zygote": 1069.2921077621074
  },
  "assume_dirichlet": {
    "__category__": "Distributions",
    "EnzymeForward": 2.643265779654926,
    "EnzymeReverse": 3.46268143358327,
    "FiniteDifferences": 21.759543072639175,
    "ForwardDiff": 1.340641298049063,
    "Mooncake": 8.692944094204957,
    "ReverseDiff": 27.945258640368902,
    "ReverseDiffCompiled": 2.8018979833926454,
    "Zygote": "error"
  },
  "demo_assume_dot_observe": {
    "__category__": "DynamicPPL demo models",
    "EnzymeForward": 2.758122998372447,
    "EnzymeReverse": 3.0253876158338158,
    "FiniteDifferences": 38.909465751963886,
    "ForwardDiff": 1.3077426114811173,
    "Mooncake": 8.737255977689388,
    "ReverseDiff": 30.01034340091022,
    "ReverseDiffCompiled": 3.167485227826511,
    "Zygote": "error"
  },
  "demo_assume_dot_observe_literal": {
    "__category__": "DynamicPPL demo models",
    "EnzymeForward": 2.637285134186181,
    "EnzymeReverse": 2.744203000386466,
    "FiniteDifferences": 37.17241379310345,
    "ForwardDiff": 1.3018343132767665,
    "Mooncake": 8.60724094006007,
    "ReverseDiff": 28.449728450076595,
    "ReverseDiffCompiled": 3.142369942638039,
    "Zygote": 1823.9652842739838
  },
  "demo_assume_index_observe": {
    "__category__": "DynamicPPL demo models",
    "EnzymeForward": 3.2586212771757648,
    "EnzymeReverse": 4.002047781569966,
    "FiniteDifferences": 60.95465359382885,
    "ForwardDiff": 1.2937098964919675,
    "Mooncake": 5.813345066947396,
    "ReverseDiff": 23.653567735263703,
    "ReverseDiffCompiled": 2.3720348644772167,
    "Zygote": "error"
  },
  "demo_assume_matrix_observe_matrix_index": {
    "__category__": "DynamicPPL demo models",
    "EnzymeForward": 3.653981334830922,
    "EnzymeReverse": 7.063847441082136,
    "FiniteDifferences": 65.42070036225634,
    "ForwardDiff": 1.451577503429355,
    "Mooncake": 8.579458239277653,
    "ReverseDiff": 45.307763401109064,
    "ReverseDiffCompiled": 2.9194462579381564,
    "Zygote": "error"
  },
  "demo_assume_multivariate_observe": {
    "__category__": "DynamicPPL demo models",
    "EnzymeForward": 3.558515125949138,
    "EnzymeReverse": 7.395084959977532,
    "FiniteDifferences": 66.92150684451913,
    "ForwardDiff": 1.4723450926362351,
    "Mooncake": 8.39501357939306,
    "ReverseDiff": 44.47262652123592,
    "ReverseDiffCompiled": 3.0453933070440264,
    "Zygote": 1271.9810553847242
  },
  "demo_assume_multivariate_observe_literal": {
    "__category__": "DynamicPPL demo models",
    "EnzymeForward": 3.5981786689061517,
    "EnzymeReverse": 6.64586186278859,
    "FiniteDifferences": 65.49992966167264,
    "ForwardDiff": 1.3984047049730695,
    "Mooncake": 8.88809172117887,
    "ReverseDiff": 46.118644067796616,
    "ReverseDiffCompiled": 2.952366419273542,
    "Zygote": 1107.719003959158
  },
  "demo_assume_observe_literal": {
    "__category__": "DynamicPPL demo models",
    "EnzymeForward": 2.9421776854454356,
    "EnzymeReverse": 2.877975680767255,
    "FiniteDifferences": 39.032137155549385,
    "ForwardDiff": 1.3978671377025684,
    "Mooncake": 8.662080791940292,
    "ReverseDiff": 32.52938422321258,
    "ReverseDiffCompiled": 3.4735691098581927,
    "Zygote": 1746.1501103752762
  },
  "demo_assume_submodel_observe_index_literal": {
    "__category__": "DynamicPPL demo models",
    "EnzymeForward": 3.053228212600611,
    "EnzymeReverse": 4.368019228050332,
    "FiniteDifferences": 60.399356713010995,
    "ForwardDiff": 1.268689987985185,
    "Mooncake": 5.925386715195633,
    "ReverseDiff": 25.211617818220297,
    "ReverseDiffCompiled": 2.1319716271676983,
    "Zygote": "error"
  },
  "demo_dot_assume_observe": {
    "__category__": "DynamicPPL demo models",
    "EnzymeForward": 3.670746802365562,
    "EnzymeReverse": 6.136229022704836,
    "FiniteDifferences": 60.57964791756119,
    "ForwardDiff": 1.3224852206206046,
    "Mooncake": 7.488610079203757,
    "ReverseDiff": 37.210235463719364,
    "ReverseDiffCompiled": 2.6017103787895444,
    "Zygote": "error"
  },
  "demo_dot_assume_observe_index": {
    "__category__": "DynamicPPL demo models",
    "EnzymeForward": 3.528600354340673,
    "EnzymeReverse": 5.758832093952303,
    "FiniteDifferences": 61.88077234199698,
    "ForwardDiff": 1.2955150473325456,
    "Mooncake": 6.914280344450519,
    "ReverseDiff": 31.584282460136677,
    "ReverseDiffCompiled": 2.7717890744657576,
    "Zygote": "error"
  },
  "assume_lkjcholu": {
    "__category__": "Distributions",
    "EnzymeForward": 4.381366111467008,
    "EnzymeReverse": 14.434479408805467,
    "FiniteDifferences": 150.1292606094928,
    "ForwardDiff": 2.3442180946674656,
    "Mooncake": 6.2821799071799065,
    "ReverseDiff": 51.724449444330816,
    "ReverseDiffCompiled": 6.055047976637463,
    "Zygote": "error"
  },
  "demo_dot_assume_observe_index_literal": {
    "__category__": "DynamicPPL demo models",
    "EnzymeForward": 3.565436673357007,
    "EnzymeReverse": 4.563761309586328,
    "FiniteDifferences": 63.25962112958212,
    "ForwardDiff": 1.308193636078486,
    "Mooncake": 7.46920428462127,
    "ReverseDiff": 32.846026846601106,
    "ReverseDiffCompiled": 2.826352960499302,
    "Zygote": "error"
  },
  "demo_dot_assume_observe_matrix_index": {
    "__category__": "DynamicPPL demo models",
    "EnzymeForward": 3.662846396764007,
    "EnzymeReverse": 6.641880012608131,
    "FiniteDifferences": 60.81989937726489,
    "ForwardDiff": 1.2956412755883582,
    "Mooncake": 6.766281641681003,
    "ReverseDiff": 35.61887121377206,
    "ReverseDiffCompiled": 2.490451444579885,
    "Zygote": "error"
  },
  "demo_dot_assume_observe_submodel": {
    "__category__": "DynamicPPL demo models",
    "EnzymeForward": 3.0480690264033177,
    "EnzymeReverse": 5.432354158047166,
    "FiniteDifferences": 60.59723422644771,
    "ForwardDiff": 1.2192167027660408,
    "Mooncake": 5.484820440077498,
    "ReverseDiff": 29.915144413041983,
    "ReverseDiffCompiled": 1.9746709269421816,
    "Zygote": "error"
  },
  "dot_assume": {
    "__category__": "Core Turing syntax",
    "EnzymeForward": 3.014263724987173,
    "EnzymeReverse": 1.9411807681603117,
    "FiniteDifferences": 77.75121951219512,
    "ForwardDiff": 1.3199692159692162,
    "Mooncake": 4.980592352214661,
    "ReverseDiff": 22.109145640262465,
    "ReverseDiffCompiled": 2.123400684777222,
    "Zygote": "error"
  },
  "dot_observe": {
    "__category__": "Core Turing syntax",
    "EnzymeForward": 3.0423521347434392,
    "EnzymeReverse": 2.4305648957632817,
    "FiniteDifferences": 29.938757171493748,
    "ForwardDiff": 1.649773329231335,
    "Mooncake": 9.822416742437085,
    "ReverseDiff": 56.26514679407284,
    "ReverseDiffCompiled": 5.412375903869288,
    "Zygote": "error"
  },
  "dynamic_constraint": {
    "__category__": "Core Turing syntax",
    "EnzymeForward": 2.475563909774436,
    "EnzymeReverse": 2.539603512116737,
    "FiniteDifferences": 37.48247774199659,
    "ForwardDiff": 1.309708831616343,
    "Mooncake": 8.168845016165646,
    "ReverseDiff": 33.508117218133044,
    "ReverseDiffCompiled": 2.5285350287558543,
    "Zygote": 1326.9409375645348
  },
  "metabayesian_MH": {
    "__category__": "Miscellaneous features",
    "EnzymeForward": "error",
    "EnzymeReverse": "error",
    "FiniteDifferences": 24.92973318582164,
    "ForwardDiff": "error",
    "Mooncake": "error",
    "ReverseDiff": "error",
    "ReverseDiffCompiled": "error",
    "Zygote": "error"
  },
  "multiple_constraints_same_var": {
    "__category__": "Core Turing syntax",
    "EnzymeForward": 3.0095263027119126,
    "EnzymeReverse": 9.378386882494842,
    "FiniteDifferences": 57.56502614899733,