{
  "assume_beta": {
    "EnzymeForward": 2.612354141166871,
    "EnzymeReverse": 4.458946246270702,
    "FiniteDifferences": 23.459391466938637,
    "ForwardDiff": 1.689097587161666,
    "Mooncake": 7.34656354919895,
    "ReverseDiff": 27.166133195663395,
    "ReverseDiffCompiled": 2.6223522379724526,
    "Zygote": 937.7376698627302
  },
  "assume_dirichlet": {
    "EnzymeForward": 2.498314404337085,
    "EnzymeReverse": 3.385640417128603,
    "FiniteDifferences": 22.621143093808243,
    "ForwardDiff": 1.3189872863019627,
    "Mooncake": 8.606344326439352,
    "ReverseDiff": 26.32307247756323,
    "ReverseDiffCompiled": 2.847200511290011,
    "Zygote": 868.4261363636364
  },
  "demo_assume_dot_observe_literal": {
    "EnzymeForward": 2.592715690347597,
    "EnzymeReverse": 2.712323242259548,
    "FiniteDifferences": 37.47300497683199,
    "ForwardDiff": 1.3236753774571506,
    "Mooncake": 8.382525269830392,
    "ReverseDiff": 28.729163789531835,
    "ReverseDiffCompiled": 3.003058623619371,
    "Zygote": 1669.227974099332
  },
  "demo_assume_index_observe": {
    "EnzymeForward": 3.297849278338753,
    "EnzymeReverse": 4.927241347463693,
    "FiniteDifferences": 61.2122362359599,
    "ForwardDiff": 1.2912391583280816,
    "Mooncake": 6.177737244768708,
    "ReverseDiff": 23.770165442438383,
    "ReverseDiffCompiled": 2.3609565110521973,
    "Zygote": "error"
  },
  "demo_assume_matrix_observe_matrix_index": {
    "EnzymeForward": 3.7771901060708064,
    "EnzymeReverse": 7.031697341513293,
    "FiniteDifferences": 64.94749966074093,
    "ForwardDiff": 1.3739901080803016,
    "Mooncake": 8.697832252836305,
    "ReverseDiff": 44.94705983790309,
    "ReverseDiffCompiled": 2.756368403077727,
    "Zygote": "error"
  },
  "demo_assume_multivariate_observe": {
    "EnzymeForward": 3.469086333079445,
    "EnzymeReverse": 7.381216249602938,
    "FiniteDifferences": 69.67820889187564,
    "ForwardDiff": 1.3881337510074212,
    "Mooncake": 8.997518975086015,
    "ReverseDiff": 47.12636373265544,
    "ReverseDiffCompiled": 2.94435922465486,
    "Zygote": 1242.730904735062
  },
  "demo_assume_multivariate_observe_literal": {
    "EnzymeForward": 3.6439365063364515,
    "EnzymeReverse": 6.90474698962901,
    "FiniteDifferences": 66.62722347994826,
    "ForwardDiff": 1.407018469656992,
    "Mooncake": 8.62168017401677,
    "ReverseDiff": 46.53788911015617,
    "ReverseDiffCompiled": 2.897074081759701,
    "Zygote": 1061.5243748936894
  },
  "demo_assume_observe_literal": {
    "EnzymeForward": 2.8306878306878307,
    "EnzymeReverse": 2.906483233018056,
    "FiniteDifferences": 39.27110166094428,
    "ForwardDiff": 1.3956651958899005,
    "Mooncake": 8.548276335668177,
    "ReverseDiff": 31.441258158589086,
    "ReverseDiffCompiled": 3.357468852211068,
    "Zygote": 1516.6582923103038
  },
  "demo_assume_submodel_observe_index_literal": {
    "EnzymeForward": 3.1853652392947103,
    "EnzymeReverse": 5.363623664175456,
    "FiniteDifferences": 60.27303029193071,
    "ForwardDiff": 1.2696439812548088,
    "Mooncake": 6.2112887375846695,
    "ReverseDiff": 27.712843463780185,
    "ReverseDiffCompiled": 2.2428929912610114,
    "Zygote": "error"
  },
  "demo_dot_assume_observe": {
    "EnzymeForward": 3.587835079602667,
    "EnzymeReverse": 6.210947066842263,
    "FiniteDifferences": 62.09044877575084,
    "ForwardDiff": 1.2810776225221359,
    "Mooncake": 7.517994439486511,
    "ReverseDiff": 38.2056856187291,
    "ReverseDiffCompiled": 2.598566689099045,
    "Zygote": "error"
  },
  "demo_dot_assume_observe_index": {
    "EnzymeForward": 3.671676476083707,
    "EnzymeReverse": 5.163453953009776,
    "FiniteDifferences": 62.96132808417238,
    "ForwardDiff": 1.3295829892650701,
    "Mooncake": 6.832720205455681,
    "ReverseDiff": 31.753213860854217,
    "ReverseDiffCompiled": 2.7714471403812824,
    "Zygote": "error"
  },
  "demo_dot_assume_observe_index_literal": {
    "EnzymeForward": 3.629165388035157,
    "EnzymeReverse": 4.655649758587322,
    "FiniteDifferences": 67.12151251916198,
    "ForwardDiff": 1.3390816610925307,
    "Mooncake": 6.992717039058501,
    "ReverseDiff": 34.58941496310419,
    "ReverseDiffCompiled": 2.922767628875564,
    "Zygote": "error"
  },
  "assume_lkjcholu": {
    "EnzymeForward": 4.50617620120306,
    "EnzymeReverse": 12.239242445341874,
    "FiniteDifferences": 152.76529057283372,
    "ForwardDiff": 2.342869948262811,
    "Mooncake": 6.189399100694917,
    "ReverseDiff": 49.25897933712384,
    "ReverseDiffCompiled": 6.617463101604277,
    "Zygote": "error"
  },
  "demo_dot_assume_observe_matrix_index": {
    "EnzymeForward": 3.685445527621002,
    "EnzymeReverse": 6.230130841121495,
    "FiniteDifferences": 62.821402784940695,
    "ForwardDiff": 1.29575798683681,
    "Mooncake": 7.678136293236964,
    "ReverseDiff": 36.91406222348069,
    "ReverseDiffCompiled": 2.5557341019636106,
    "Zygote": "error"
  },
  "demo_dot_assume_observe_submodel": {
    "EnzymeForward": 3.398563145034828,
    "EnzymeReverse": 5.361895055002988,
    "FiniteDifferences": 58.923601043780806,
    "ForwardDiff": 1.2134829774783562,
    "Mooncake": 5.855419508162845,
    "ReverseDiff": 30.39221049176741,
    "ReverseDiffCompiled": 1.9569768829393706,
    "Zygote": "error"
  },
  "dot_assume": {
    "EnzymeForward": 2.933653049958598,
    "EnzymeReverse": 2.282982698002235,
    "FiniteDifferences": 78.7918590730289,
    "ForwardDiff": 1.4191744651108609,
    "Mooncake": 6.928206393402178,
    "ReverseDiff": 23.143640100479566,
    "ReverseDiffCompiled": 2.1029572518373802,
    "Zygote": "error"
  },
  "dot_observe": {
    "EnzymeForward": 2.7499362000765606,
    "EnzymeReverse": 2.5085763225923046,
    "FiniteDifferences": 28.500244208763604,
    "ForwardDiff": 1.5583532670800007,
    "Mooncake": 9.965177040088479,
    "ReverseDiff": 54.203473604723,
    "ReverseDiffCompiled": 5.433097205824478,
    "Zygote": "error"
  },
  "dppl_gauss_unknown": {
    "EnzymeForward": 7.456532376447561,
    "EnzymeReverse": 6.510217583063805,
    "FiniteDifferences": 29.171314416177427,
    "ForwardDiff": 4.193270481144343,
    "Mooncake": 41.99321832242713,
    "ReverseDiff": 10.580215880526394,
    "ReverseDiffCompiled": 4.971249173826834,
    "Zygote": 146.05388854868343
  },
  "dppl_hier_poisson": {
    "EnzymeForward": "error",
    "EnzymeReverse": 3.0713623009123245,
    "FiniteDifferences": 164.91039564066156,
    "ForwardDiff": 2.91759814880182,
    "Mooncake": 3.839165661092915,
    "ReverseDiff": "wrong",
    "ReverseDiffCompiled": 2.0612533343950314,
    "Zygote": "error"
  },
  "dppl_high_dim_gauss": {
    "EnzymeForward": 34581.92940142779,
    "EnzymeReverse": 4.741763742264289,
    "FiniteDifferences": 167204.92945270482,
    "ForwardDiff": 20844.574677162112,
    "Mooncake": 46.5606684584706,
    "ReverseDiff": 6.091651042241095,
    "ReverseDiffCompiled": 4.550088111698522,
    "Zygote": 40.97720897615707
  },
  "dppl_hmm_semisup": {
    "EnzymeForward": "error",
    "EnzymeReverse": "error",
    "FiniteDifferences": 1547.1001725356753,
    "ForwardDiff": "NaN",
    "Mooncake": "wrong",
    "ReverseDiff": "error",
    "ReverseDiffCompiled": "error",
    "Zygote": "error"
  },
  "dppl_lda": {
    "EnzymeForward": "error",
    "EnzymeReverse": "error",
    "FiniteDifferences": 7396.715229674547,
    "ForwardDiff": 159.86753090003515,
    "Mooncake": 8.436458027730653,
    "ReverseDiff": "error",
    "ReverseDiffCompiled": "error",
    "Zygote": 82.30108837345632
  },
  "dppl_logistic_regression": {
    "EnzymeForward": "wrong",
    "EnzymeReverse": "wrong",
    "FiniteDifferences": "wrong",
    "ForwardDiff": 38.14240541135064,
    "Mooncake": "wrong",
    "ReverseDiff": 46.52214909498144,
    "ReverseDiffCompiled": 6.369632973522649,
    "Zygote": "error"
  },
  "assume_mvnormal": {
    "EnzymeForward": "error",
    "EnzymeReverse": 5.244652975875465,
    "FiniteDifferences": 37.62162162162163,
    "ForwardDiff": 1.1128526601558368,