{
  "assume_beta": {
    "EnzymeForward": 2.644831089499881,
    "EnzymeReverse": 4.267460100941209,
    "FiniteDifferences": 23.553388877530157,
    "ForwardDiff": 1.305859274015724,
    "Mooncake": 7.209485118784775,
    "ReverseDiff": 29.937383018546882,
    "ReverseDiffCompiled": 2.8416060655944073,
    "Zygote": 992.231097894449
  },
  "assume_dirichlet": {
    "EnzymeForward": 2.4705168735703085,
    "EnzymeReverse": 3.101026076727011,
    "FiniteDifferences": 22.274241662476957,
    "ForwardDiff": 1.3158363293956512,
    "Mooncake": 8.194582969064887,
    "ReverseDiff": 33.48466470282447,
    "ReverseDiffCompiled": 3.0175811149495364,
    "Zygote": 664.5846275426059
  },
  "demo_assume_index_observe": {
    "EnzymeForward": "error",
    "EnzymeReverse": "error",
    "FiniteDifferences": 58.498048780487814,
    "ForwardDiff": 1.273204779081754,
    "Mooncake": 7.430660344708244,
    "ReverseDiff": 24.028658944477694,
    "ReverseDiffCompiled": 2.4923788786064236,
    "Zygote": "error"
  },
  "demo_assume_matrix_observe_matrix_index": {
    "EnzymeForward": "error",
    "EnzymeReverse": "error",
    "FiniteDifferences": 64.79922027290448,
    "ForwardDiff": 1.514413341274568,
    "Mooncake": 246.74158797712462,
    "ReverseDiff": 45.532677000418936,
    "ReverseDiffCompiled": 2.812997300802179,
    "Zygote": "error"
  },
  "demo_assume_multivariate_observe": {
    "EnzymeForward": "error",
    "EnzymeReverse": "error",
    "FiniteDifferences": 64.24005681818183,
    "ForwardDiff": 1.496910011184622,
    "Mooncake": 241.44499767642563,
    "ReverseDiff": 44.038642625466466,
    "ReverseDiffCompiled": 3.0536353236131735,
    "Zygote": 1383.6747352496218
  },
  "demo_assume_multivariate_observe_literal": {
    "EnzymeForward": "error",
    "EnzymeReverse": "error",
    "FiniteDifferences": 65.43973237261967,
    "ForwardDiff": 1.5078550481776285,
    "Mooncake": 202.442431466031,
    "ReverseDiff": 44.11840617308587,
    "ReverseDiffCompiled": 2.9386338647608574,
    "Zygote": 1216.5845982453698
  },
  "demo_assume_observe_literal": {
    "EnzymeForward": "error",
    "EnzymeReverse": "error",
    "FiniteDifferences": 35.894683544303795,
    "ForwardDiff": 1.3787385114855948,
    "Mooncake": 8.995362259095126,
    "ReverseDiff": 33.11581731735083,
    "ReverseDiffCompiled": 3.5650849431902314,
    "Zygote": 1766.2433299619852
  },
  "demo_assume_submodel_observe_index_literal": {
    "EnzymeForward": "error",
    "EnzymeReverse": "error",
    "FiniteDifferences": 60.1974769115212,
    "ForwardDiff": 1.2888085030367986,
    "Mooncake": 5.652132883484768,
    "ReverseDiff": 26.926846400856302,
    "ReverseDiffCompiled": 2.2990338686988916,
    "Zygote": "error"
  },
  "demo_dot_assume_observe": {
    "EnzymeForward": "error",
    "EnzymeReverse": "error",
    "FiniteDifferences": 45.498302680245224,
    "ForwardDiff": 1.3419261626089676,
    "Mooncake": 7.059751742900867,
    "ReverseDiff": 37.0803602117275,
    "ReverseDiffCompiled": 2.347660229317034,
    "Zygote": "error"
  },
  "demo_dot_assume_observe_index": {
    "EnzymeForward": "error",
    "EnzymeReverse": "error",
    "FiniteDifferences": 46.91877309881572,
    "ForwardDiff": 1.308826195411587,
    "Mooncake": 7.15596925704526,
    "ReverseDiff": 33.1950974968884,
    "ReverseDiffCompiled": 2.796477561388654,
    "Zygote": "error"
  },
  "demo_dot_assume_observe_index_literal": {
    "EnzymeForward": "error",
    "EnzymeReverse": "error",
    "FiniteDifferences": 61.42477026470991,
    "ForwardDiff": 1.3390881747749526,
    "Mooncake": 6.9929185634800195,
    "ReverseDiff": 33.12616243025418,
    "ReverseDiffCompiled": 2.8256405905311386,
    "Zygote": "error"
  },
  "demo_dot_assume_observe_matrix_index": {
    "EnzymeForward": "error",
    "EnzymeReverse": "error",
    "FiniteDifferences": 60.64912340425532,
    "ForwardDiff": 1.3278206541712607,
    "Mooncake": 8.996345029239766,
    "ReverseDiff": 37.397974248927035,
    "ReverseDiffCompiled": 2.431444313262495,
    "Zygote": "error"
  },
  "assume_lkjcholu": {
    "EnzymeForward": 4.934458052447675,
    "EnzymeReverse": 12.503789792824659,
    "FiniteDifferences": 145.23135881251298,
    "ForwardDiff": 2.311558971141782,
    "Mooncake": 6.665418130467728,
    "ReverseDiff": 53.905159908820885,
    "ReverseDiffCompiled": 6.425338557778236,
    "Zygote": "error"
  },
  "demo_dot_assume_observe_submodel": {
    "EnzymeForward": "error",
    "EnzymeReverse": "error",
    "FiniteDifferences": 58.91364427309018,
    "ForwardDiff": 1.3016619220753995,
    "Mooncake": 5.901184033248841,
    "ReverseDiff": 29.879488782385216,
    "ReverseDiffCompiled": 1.9586322752248624,
    "Zygote": "error"
  },
  "dot_assume": {
    "EnzymeForward": 3.350737577639751,
    "EnzymeReverse": 2.305076587000069,
    "FiniteDifferences": 77.59832335329341,
    "ForwardDiff": 1.356080538331671,
    "Mooncake": 5.012932397982919,
    "ReverseDiff": 25.066339622641514,
    "ReverseDiffCompiled": 2.249493522498422,
    "Zygote": "error"
  },
  "dot_observe": {
    "EnzymeForward": 2.7740417457305506,
    "EnzymeReverse": 2.485734718201941,
    "FiniteDifferences": 27.90978644694804,
    "ForwardDiff": 1.674397633537054,
    "Mooncake": 9.517941699019543,
    "ReverseDiff": 52.05841092815684,
    "ReverseDiffCompiled": 6.020856059706007,
    "Zygote": "error"
  },
  "dppl_gauss_unknown": {
    "EnzymeForward": "error",
    "EnzymeReverse": "error",
    "FiniteDifferences": 20.530929791271348,
    "ForwardDiff": 2.951643434864911,
    "Mooncake": 25.765491651205938,
    "ReverseDiff": 7.589331729943308,
    "ReverseDiffCompiled": 2.8810066476733143,
    "Zygote": 134.25751494068328
  },
  "dppl_high_dim_gauss": {
    "EnzymeForward": 31593.29835854522,
    "EnzymeReverse": 4.9094306224800865,
    "FiniteDifferences": 117936.26548011946,
    "ForwardDiff": 9081.238169311073,
    "Mooncake": 25.259287524871215,
    "ReverseDiff": 5.411063539943564,
    "ReverseDiffCompiled": 1.8870466321243524,
    "Zygote": 15.723893596986816
  },
  "dppl_naive_bayes": {
    "EnzymeForward": 762.5025305198479,
    "EnzymeReverse": 10.615996776468219,
    "FiniteDifferences": 6161.871779989417,
    "ForwardDiff": 443.43271979062644,
    "Mooncake": 27.428484339215395,
    "ReverseDiff": 24.536727627840907,
    "ReverseDiffCompiled": 5.975615172781381,
    "Zygote": 85.87896959459461
  },
  "dynamic_constraint": {
    "EnzymeForward": "error",
    "EnzymeReverse": "error",
    "FiniteDifferences": 36.94551809210526,
    "ForwardDiff": 1.2954666325575759,
    "Mooncake": 7.986985037917607,
    "ReverseDiff": 32.90935311083643,
    "ReverseDiffCompiled": 2.7538273050173965,
    "Zygote": 1264.2495492996811
  },
  "multiple_constraints_same_var": {
    "EnzymeForward": 17.971184151283204,
    "EnzymeReverse": 58.339094508521256,
    "FiniteDifferences": 59.86742967853043,
    "ForwardDiff": 1.2142418689876318,
    "Mooncake": 9.30031420327028,
    "ReverseDiff": 27.64623455015809,
    "ReverseDiffCompiled": 2.423269132435657,
    "Zygote": "error"
  },
  "multithreaded": {
    "EnzymeForward": 3.1533960532354297,
    "EnzymeReverse": 10.726397240621472,
    "FiniteDifferences": 13.869070543680595,
    "ForwardDiff": 1.1593200843504379,
    "Mooncake": "error",
    "ReverseDiff": "wrong",
    "ReverseDiffCompiled": "wrong",
    "Zygote": "error"
  },
  "n010": {
    "EnzymeForward": 4.115506629620512,
    "EnzymeReverse": 2.221325619163622,
    "FiniteDifferences": 138.86003586119608,
    "ForwardDiff": 1.7275984963775186,
    "Mooncake": 4.060788075096701,
    "ReverseDiff": 23.942074867798496,
    "ReverseDiffCompiled": 2.3099871193302053,
    "Zygote": "error"
  },
  "assume_mvnormal": {
    "EnzymeForward": "error",
    "EnzymeReverse": 5.366306665749466,
    "FiniteDifferences": 36.539874809676874,
    "ForwardDiff": 1.14615452636233,
    "Mooncake": 9.724803804994055,
    "ReverseDiff": 12.978039876439201,
    "ReverseDiffCompiled": 1.4031185446072694,