{
  "assume_beta": {
    "EnzymeForward": 2.535144004979347,
    "EnzymeReverse": 4.267542059909725,
    "FiniteDifferences": 25.21283013808822,
    "ForwardDiff": 1.4503007850286576,
    "Mooncake": 7.060329577281314,
    "ReverseDiff": 29.859410588946215,
    "ReverseDiffCompiled": 2.6022924922209514,
    "Zygote": 995.9401346206146
  },
  "assume_dirichlet": {
    "EnzymeForward": 2.5305020180217768,
    "EnzymeReverse": 4.1767811943500615,
    "FiniteDifferences": 23.032436117341774,
    "ForwardDiff": 1.2696252900888663,
    "Mooncake": 8.68511813582138,
    "ReverseDiff": 28.882701139649598,
    "ReverseDiffCompiled": 3.6377719038727356,
    "Zygote": 671.8236415633937
  },
  "demo_assume_index_observe": {
    "EnzymeForward": "error",
    "EnzymeReverse": "error",
    "FiniteDifferences": 60.63636363636365,
    "ForwardDiff": 1.299655443196205,
    "Mooncake": 7.8061121400909235,
    "ReverseDiff": 23.229832572298324,
    "ReverseDiffCompiled": 2.2969653097144156,
    "Zygote": "error"
  },
  "demo_assume_matrix_observe_matrix_index": {
    "EnzymeForward": "error",
    "EnzymeReverse": "error",
    "FiniteDifferences": 66.86841383633016,
    "ForwardDiff": 1.3886356529478268,
    "Mooncake": 249.9350059533934,
    "ReverseDiff": 43.67479087059796,
    "ReverseDiffCompiled": 2.8263872756658976,
    "Zygote": "error"
  },
  "demo_assume_multivariate_observe": {
    "EnzymeForward": "error",
    "EnzymeReverse": "error",
    "FiniteDifferences": 67.43971532235557,
    "ForwardDiff": 1.4631985854943836,
    "Mooncake": 219.61667116266523,
    "ReverseDiff": 42.26845751545201,
    "ReverseDiffCompiled": 2.985859539545356,
    "Zygote": 1579.203459695603
  },
  "demo_assume_multivariate_observe_literal": {
    "EnzymeForward": "error",
    "EnzymeReverse": "error",
    "FiniteDifferences": 66.29943753195842,
    "ForwardDiff": 1.4791589431059595,
    "Mooncake": 199.98749589880063,
    "ReverseDiff": 42.29950725795712,
    "ReverseDiffCompiled": 2.8880338928524116,
    "Zygote": 1427.4092498750983
  },
  "demo_assume_observe_literal": {
    "EnzymeForward": "error",
    "EnzymeReverse": "error",
    "FiniteDifferences": 39.52521860557901,
    "ForwardDiff": 1.332535929661092,
    "Mooncake": 6.653724996062372,
    "ReverseDiff": 31.51693094629156,
    "ReverseDiffCompiled": 3.539696583418594,
    "Zygote": 1757.731668621094
  },
  "demo_assume_submodel_observe_index_literal": {
    "EnzymeForward": "error",
    "EnzymeReverse": "error",
    "FiniteDifferences": 56.55810575246949,
    "ForwardDiff": 1.2673579801623083,
    "Mooncake": 6.327376020830867,
    "ReverseDiff": 27.562928586271383,
    "ReverseDiffCompiled": 2.1914664970167994,
    "Zygote": "error"
  },
  "demo_dot_assume_observe": {
    "EnzymeForward": "error",
    "EnzymeReverse": "error",
    "FiniteDifferences": 60.91442128452804,
    "ForwardDiff": 1.3488861653810105,
    "Mooncake": 9.589858828719532,
    "ReverseDiff": 35.60851476910276,
    "ReverseDiffCompiled": 2.441845878136201,
    "Zygote": "error"
  },
  "demo_dot_assume_observe_index": {
    "EnzymeForward": "error",
    "EnzymeReverse": "error",
    "FiniteDifferences": 62.834481474585736,
    "ForwardDiff": 1.3531167875538737,
    "Mooncake": 6.6651330565575435,
    "ReverseDiff": 32.60284587690725,
    "ReverseDiffCompiled": 2.741571695866644,
    "Zygote": "error"
  },
  "demo_dot_assume_observe_index_literal": {
    "EnzymeForward": "error",
    "EnzymeReverse": "error",
    "FiniteDifferences": 63.940180043980206,
    "ForwardDiff": 1.379990721173959,
    "Mooncake": 8.970254219629089,
    "ReverseDiff": 33.60684667949314,
    "ReverseDiffCompiled": 2.750902054521655,
    "Zygote": "error"
  },
  "demo_dot_assume_observe_matrix_index": {
    "EnzymeForward": "error",
    "EnzymeReverse": "error",
    "FiniteDifferences": 63.67440681403367,
    "ForwardDiff": 1.3500636479359884,
    "Mooncake": 7.701605673758865,
    "ReverseDiff": 36.137856467090145,
    "ReverseDiffCompiled": 2.4403674256160697,
    "Zygote": "error"
  },
  "assume_lkjcholu": {
    "EnzymeForward": 4.70306481326411,
    "EnzymeReverse": 12.51056338028169,
    "FiniteDifferences": 147.32463700855268,
    "ForwardDiff": 2.5276583095687073,
    "Mooncake": 6.375730893581895,
    "ReverseDiff": 50.144971005798844,
    "ReverseDiffCompiled": 6.319426101002423,
    "Zygote": "error"
  },
  "demo_dot_assume_observe_submodel": {
    "EnzymeForward": "error",
    "EnzymeReverse": "error",
    "FiniteDifferences": 42.24278781671422,
    "ForwardDiff": 1.3206109139923485,
    "Mooncake": 6.02280091811247,
    "ReverseDiff": 27.35299487162465,
    "ReverseDiffCompiled": 1.924412671443303,
    "Zygote": "error"
  },
  "dot_assume": {
    "EnzymeForward": 2.8360787605357958,
    "EnzymeReverse": 2.2579483365804793,
    "FiniteDifferences": 76.93550540793163,
    "ForwardDiff": 1.3528033704380518,
    "Mooncake": 5.092157968059718,
    "ReverseDiff": 22.8800229209942,
    "ReverseDiffCompiled": 2.220931098696462,
    "Zygote": "error"
  },
  "dot_observe": {
    "EnzymeForward": 2.7315312220924644,
    "EnzymeReverse": 2.4555817219120146,
    "FiniteDifferences": 30.110836566031374,
    "ForwardDiff": 1.6853664970472608,
    "Mooncake": 10.298231511254018,
    "ReverseDiff": 55.28618892735984,
    "ReverseDiffCompiled": 5.4481488615337925,
    "Zygote": "error"
  },
  "dppl_gauss_unknown": {
    "EnzymeForward": "error",
    "EnzymeReverse": "error",
    "FiniteDifferences": 21.69131608744883,
    "ForwardDiff": 3.019662921348315,
    "Mooncake": 33.82683379758589,
    "ReverseDiff": 7.224949510641603,
    "ReverseDiffCompiled": 2.4872312914174883,
    "Zygote": 126.61670196114538
  },
  "dppl_high_dim_gauss": {
    "EnzymeForward": 34041.58119545674,
    "EnzymeReverse": 4.829761987855099,
    "FiniteDifferences": 122366.09898998193,
    "ForwardDiff": 12157.345941525251,
    "Mooncake": 19.779310499517752,
    "ReverseDiff": 5.648535564853558,
    "ReverseDiffCompiled": 1.9150549544176536,
    "Zygote": 14.639651936529603
  },
  "dppl_naive_bayes": {
    "EnzymeForward": 761.9731615145629,
    "EnzymeReverse": 10.172112870365913,
    "FiniteDifferences": 6358.832335940157,
    "ForwardDiff": 430.8351866760591,
    "Mooncake": 26.463533238397307,
    "ReverseDiff": 24.252454804865643,
    "ReverseDiffCompiled": 5.645447025573861,
    "Zygote": 83.47948178350651
  },
  "dynamic_constraint": {
    "EnzymeForward": "error",
    "EnzymeReverse": "error",
    "FiniteDifferences": 37.384288386328855,
    "ForwardDiff": 1.3359790737811017,
    "Mooncake": 9.632472996734487,
    "ReverseDiff": 31.982883995335122,
    "ReverseDiffCompiled": 2.5705672944418922,
    "Zygote": 1281.8351856396594
  },
  "multiple_constraints_same_var": {
    "EnzymeForward": 18.24550854560694,
    "EnzymeReverse": 58.9384893713252,
    "FiniteDifferences": 59.32288294428352,
    "ForwardDiff": 1.2548071880571967,
    "Mooncake": 12.505887048493314,
    "ReverseDiff": 27.33598047429966,
    "ReverseDiffCompiled": 2.4440884806026513,
    "Zygote": "error"
  },
  "multithreaded": {
    "EnzymeForward": 3.187849037811688,
    "EnzymeReverse": 12.478199667282134,
    "FiniteDifferences": 13.521369193154035,
    "ForwardDiff": 1.1161200923787529,
    "Mooncake": "error",
    "ReverseDiff": 4.569068363399733,
    "ReverseDiffCompiled": 0.3648648648648649,
    "Zygote": "error"
  },
  "n010": {
    "EnzymeForward": 4.15917841625307,
    "EnzymeReverse": 2.035473372781065,
    "FiniteDifferences": 106.29622815087396,
    "ForwardDiff": 1.6824798848581535,
    "Mooncake": 4.452491932592326,
    "ReverseDiff": 24.386940832028326,
    "ReverseDiffCompiled": 2.3239643980459075,
    "Zygote": "error"
  },
  "assume_mvnormal": {
    "EnzymeForward": "error",
    "EnzymeReverse": 5.3589743589743595,
    "FiniteDifferences": 38.13070639115809,
    "ForwardDiff": 1.1788686387057756,
    "Mooncake": 10.57180355045935,
    "ReverseDiff": 13.561185145099103,
    "ReverseDiffCompiled": 1.199002986975163,