{
  "assume_beta": {
    "__category__": "Distributions",
    "EnzymeForward": 2.914077178783061,
    "EnzymeReverse": 4.431977266743534,
    "FiniteDifferences": 24.27530264279625,
    "ForwardDiff": 1.581228051908715,
    "Mooncake": 7.629091905218464,
    "ReverseDiff": 30.730919598844128,
    "ReverseDiffCompiled": 2.6724970590612345,
    "Zygote": 1066.5727611940297
  },
  "assume_dirichlet": {
    "__category__": "Distributions",
    "EnzymeForward": 2.4883706890988613,
    "EnzymeReverse": 3.122784252962174,
    "FiniteDifferences": 22.40727423592864,
    "ForwardDiff": 1.314533060637186,
    "Mooncake": 8.57956856561779,
    "ReverseDiff": 27.276884903851574,
    "ReverseDiffCompiled": 2.901212188547069,
    "Zygote": "error"
  },
  "demo_assume_dot_observe": {
    "__category__": "DynamicPPL demo models",
    "EnzymeForward": 2.91995205556773,
    "EnzymeReverse": 2.9658400721096685,
    "FiniteDifferences": 38.727830432534894,
    "ForwardDiff": 1.4067018105509899,
    "Mooncake": 9.174563928873836,
    "ReverseDiff": 31.7927868852459,
    "ReverseDiffCompiled": 3.307546590210936,
    "Zygote": "error"
  },
  "demo_assume_dot_observe_literal": {
    "__category__": "DynamicPPL demo models",
    "EnzymeForward": 2.6545505873962396,
    "EnzymeReverse": 2.642558999249799,
    "FiniteDifferences": 38.20187525205,
    "ForwardDiff": 1.3267771848209977,
    "Mooncake": 8.22754491017964,
    "ReverseDiff": 28.102367569408962,
    "ReverseDiffCompiled": 3.0870406050884065,
    "Zygote": 1767.2319351796878
  },
  "demo_assume_index_observe": {
    "__category__": "DynamicPPL demo models",
    "EnzymeForward": 3.2838271252103777,
    "EnzymeReverse": 4.050227819036344,
    "FiniteDifferences": 61.20414866032843,
    "ForwardDiff": 1.306046467788303,
    "Mooncake": 6.47856116116818,
    "ReverseDiff": 23.820275535763987,
    "ReverseDiffCompiled": 2.373416626289195,
    "Zygote": "error"
  },
  "demo_assume_matrix_observe_matrix_index": {
    "__category__": "DynamicPPL demo models",
    "EnzymeForward": 3.684363433377842,
    "EnzymeReverse": 6.994088980822494,
    "FiniteDifferences": 65.52148602878917,
    "ForwardDiff": 1.4759885592082047,
    "Mooncake": 8.493342839154105,
    "ReverseDiff": 45.97502502766215,
    "ReverseDiffCompiled": 2.7570720995486147,
    "Zygote": "error"
  },
  "demo_assume_multivariate_observe": {
    "__category__": "DynamicPPL demo models",
    "EnzymeForward": 3.6545410779332266,
    "EnzymeReverse": 7.3491396648044685,
    "FiniteDifferences": 67.57896178605671,
    "ForwardDiff": 1.4951459801524525,
    "Mooncake": 8.682744909851236,
    "ReverseDiff": 47.05444924105277,
    "ReverseDiffCompiled": 3.0594081110705154,
    "Zygote": 1309.4544317081045
  },
  "demo_assume_multivariate_observe_literal": {
    "__category__": "DynamicPPL demo models",
    "EnzymeForward": 3.6165293832629613,
    "EnzymeReverse": 6.680829468068784,
    "FiniteDifferences": 67.02694610778444,
    "ForwardDiff": 1.4170921486716477,
    "Mooncake": 8.589783227347786,
    "ReverseDiff": 45.04617873597581,
    "ReverseDiffCompiled": 2.907833040804043,
    "Zygote": 1140.036469981077
  },
  "demo_assume_observe_literal": {
    "__category__": "DynamicPPL demo models",
    "EnzymeForward": 2.8330397765329867,
    "EnzymeReverse": 2.891384789954361,
    "FiniteDifferences": 39.435307169602,
    "ForwardDiff": 1.4004576029176488,
    "Mooncake": 8.263363312404547,
    "ReverseDiff": 31.683313242638196,
    "ReverseDiffCompiled": 3.3935369329005316,
    "Zygote": 1684.168399517038
  },
  "demo_assume_submodel_observe_index_literal": {
    "__category__": "DynamicPPL demo models",
    "EnzymeForward": 2.9694674176529303,
    "EnzymeReverse": 4.323167377252098,
    "FiniteDifferences": 57.748938152011924,
    "ForwardDiff": 1.2410376758387553,
    "Mooncake": 9.148764507675029,
    "ReverseDiff": 32.61395332415351,
    "ReverseDiffCompiled": 2.475425920970476,
    "Zygote": "error"
  },
  "demo_dot_assume_observe": {
    "__category__": "DynamicPPL demo models",
    "EnzymeForward": 3.6257868160752578,
    "EnzymeReverse": 5.573945487668161,
    "FiniteDifferences": 61.138402871242704,
    "ForwardDiff": 1.2941259090483472,
    "Mooncake": 7.1090618620750865,
    "ReverseDiff": 36.87267353903529,
    "ReverseDiffCompiled": 2.6193149915777654,
    "Zygote": "error"
  },
  "demo_dot_assume_observe_index": {
    "__category__": "DynamicPPL demo models",
    "EnzymeForward": 3.4835094572129415,
    "EnzymeReverse": 4.920069621100549,
    "FiniteDifferences": 62.6867698900947,
    "ForwardDiff": 1.3277636313313035,
    "Mooncake": 7.094342321722337,
    "ReverseDiff": 32.655208442169055,
    "ReverseDiffCompiled": 2.8147525035765377,
    "Zygote": "error"
  },
  "assume_lkjcholu": {
    "__category__": "Distributions",
    "EnzymeForward": 4.510925044445719,
    "EnzymeReverse": 14.218689889133703,
    "FiniteDifferences": 149.22109760795712,
    "ForwardDiff": 2.4097754845907122,
    "Mooncake": 6.30073962264151,
    "ReverseDiff": 52.68042473026203,
    "ReverseDiffCompiled": 6.233632808371208,
    "Zygote": "error"
  },
  "demo_dot_assume_observe_index_literal": {
    "__category__": "DynamicPPL demo models",
    "EnzymeForward": 3.5841758849332663,
    "EnzymeReverse": 4.608513315160411,
    "FiniteDifferences": 64.74838619141174,
    "ForwardDiff": 1.3390648724923677,
    "Mooncake": 6.364893721226369,
    "ReverseDiff": 34.17588929361939,
    "ReverseDiffCompiled": 2.657947680001945,
    "Zygote": "error"
  },
  "demo_dot_assume_observe_matrix_index": {
    "__category__": "DynamicPPL demo models",
    "EnzymeForward": 3.6640906749098403,
    "EnzymeReverse": 6.154943824283805,
    "FiniteDifferences": 61.51253412757508,
    "ForwardDiff": 1.2725884214787824,
    "Mooncake": 7.125300796475173,
    "ReverseDiff": 36.576472210729555,
    "ReverseDiffCompiled": 2.519173105754815,
    "Zygote": "error"
  },
  "demo_dot_assume_observe_submodel": {
    "__category__": "DynamicPPL demo models",
    "EnzymeForward": 3.00010397532319,
    "EnzymeReverse": 5.352505185609041,
    "FiniteDifferences": 58.25122648501747,
    "ForwardDiff": 1.211522873749555,
    "Mooncake": 5.842243461821237,
    "ReverseDiff": 29.723758828236438,
    "ReverseDiffCompiled": 1.9692219185962891,
    "Zygote": "error"
  },
  "dot_assume": {
    "__category__": "Core Turing syntax",
    "EnzymeForward": 2.7505341880341874,
    "EnzymeReverse": 1.8865537358543611,
    "FiniteDifferences": 79.2442238576074,
    "ForwardDiff": 1.3835449443371057,
    "Mooncake": 5.455715488552985,
    "ReverseDiff": 23.1266191036919,
    "ReverseDiffCompiled": 2.1301671064204046,
    "Zygote": "error"
  },
  "dot_observe": {
    "__category__": "Core Turing syntax",
    "EnzymeForward": 2.7986428206438423,
    "EnzymeReverse": 2.4764041083779182,
    "FiniteDifferences": 29.091058394160587,
    "ForwardDiff": 1.5981915310826391,
    "Mooncake": 9.838486401084525,
    "ReverseDiff": 54.956029893529895,
    "ReverseDiffCompiled": 5.5304443831079215,
    "Zygote": "error"
  },
  "dynamic_constraint": {
    "__category__": "Core Turing syntax",
    "EnzymeForward": 2.486482768108963,
    "EnzymeReverse": 2.574657092719264,
    "FiniteDifferences": 36.646842815419554,
    "ForwardDiff": 1.313897249610794,
    "Mooncake": 7.498237749794688,
    "ReverseDiff": 32.8149931944299,
    "ReverseDiffCompiled": 2.5969274357032948,
    "Zygote": 1325.052191038897
  },
  "metabayesian_MH": {
    "__category__": "Miscellaneous features",
    "EnzymeForward": "error",
    "EnzymeReverse": "error",
    "FiniteDifferences": 13.213614545205857,
    "ForwardDiff": "error",
    "Mooncake": "error",
    "ReverseDiff": "error",
    "ReverseDiffCompiled": "error",
    "Zygote": "error"
  },
  "multiple_constraints_same_var": {
    "__category__": "Core Turing syntax",
    "EnzymeForward": 3.0067644284516493,
    "EnzymeReverse": 9.37262693156733,
    "FiniteDifferences": 60.715159050875556,