{
  "assume_beta": {
    "__category__": "Distributions",
    "EnzymeForward": 2.6755801994365696,
    "EnzymeReverse": 4.237921785776086,
    "FiniteDifferences": 23.981432131238318,
    "ForwardDiff": 1.6597382308012776,
    "Mooncake": 5.2804449158455915,
    "ReverseDiff": 27.783801549958486,
    "ReverseDiffCompiled": 2.603896746297619,
    "Zygote": 979.82915740899
  },
  "assume_dirichlet": {
    "__category__": "Distributions",
    "EnzymeForward": 2.4567279436458893,
    "EnzymeReverse": 3.258680123483593,
    "FiniteDifferences": 24.19815678586719,
    "ForwardDiff": 1.3050996607294318,
    "Mooncake": 8.548979004889272,
    "ReverseDiff": 27.293296005298174,
    "ReverseDiffCompiled": 2.627939921488308,
    "Zygote": "error"
  },
  "demo_assume_dot_observe": {
    "__category__": "DynamicPPL demo models",
    "EnzymeForward": 2.7330979118344834,
    "EnzymeReverse": 2.9686936624601303,
    "FiniteDifferences": 39.721183365894504,
    "ForwardDiff": 1.3649916363053092,
    "Mooncake": 9.324695281668005,
    "ReverseDiff": 29.718375429941283,
    "ReverseDiffCompiled": 3.2965313204208315,
    "Zygote": "error"
  },
  "demo_assume_dot_observe_literal": {
    "__category__": "DynamicPPL demo models",
    "EnzymeForward": 2.5892795468674445,
    "EnzymeReverse": 2.774011877943887,
    "FiniteDifferences": 37.02531427587394,
    "ForwardDiff": 1.3828942073620167,
    "Mooncake": 8.103013851186747,
    "ReverseDiff": 29.11051829268293,
    "ReverseDiffCompiled": 3.1719376492318783,
    "Zygote": 2930.94215365327
  },
  "demo_assume_index_observe": {
    "__category__": "DynamicPPL demo models",
    "EnzymeForward": 3.224381604440799,
    "EnzymeReverse": 3.9935982928781013,
    "FiniteDifferences": 62.52205308352849,
    "ForwardDiff": 1.2584100448238682,
    "Mooncake": 5.694527749356102,
    "ReverseDiff": 21.718154040670107,
    "ReverseDiffCompiled": 2.3521441475705998,
    "Zygote": "error"
  },
  "demo_assume_matrix_observe_matrix_index": {
    "__category__": "DynamicPPL demo models",
    "EnzymeForward": 3.702417173172188,
    "EnzymeReverse": 7.125319548206635,
    "FiniteDifferences": 65.49164029946228,
    "ForwardDiff": 1.4538846483572099,
    "Mooncake": 9.507246376811596,
    "ReverseDiff": 43.97656760006872,
    "ReverseDiffCompiled": 2.719024146935422,
    "Zygote": "error"
  },
  "demo_assume_multivariate_observe": {
    "__category__": "DynamicPPL demo models",
    "EnzymeForward": 3.453655915847033,
    "EnzymeReverse": 7.6158008982035925,
    "FiniteDifferences": 66.39663514405102,
    "ForwardDiff": 1.444668314195333,
    "Mooncake": 8.999841955536823,
    "ReverseDiff": 46.83269351573952,
    "ReverseDiffCompiled": 3.160166307146336,
    "Zygote": 2077.3158204613146
  },
  "demo_assume_multivariate_observe_literal": {
    "__category__": "DynamicPPL demo models",
    "EnzymeForward": 3.5676439222436342,
    "EnzymeReverse": 6.856199625791596,
    "FiniteDifferences": 66.37179124531504,
    "ForwardDiff": 1.4301525884632824,
    "Mooncake": 8.256983819665331,
    "ReverseDiff": 42.80196306888394,
    "ReverseDiffCompiled": 2.822114312677269,
    "Zygote": 2005.6702223923712
  },
  "demo_assume_observe_literal": {
    "__category__": "DynamicPPL demo models",
    "EnzymeForward": 2.9048074441762677,
    "EnzymeReverse": 2.992054617470765,
    "FiniteDifferences": 38.48082775410833,
    "ForwardDiff": 1.3743078827353357,
    "Mooncake": 8.44412495999606,
    "ReverseDiff": 33.83864141360703,
    "ReverseDiffCompiled": 3.46387793588205,
    "Zygote": 1827.3718555941482
  },
  "demo_assume_submodel_observe_index_literal": {
    "__category__": "DynamicPPL demo models",
    "EnzymeForward": 3.0932813542654443,
    "EnzymeReverse": 5.267849869071865,
    "FiniteDifferences": 64.34523468803664,
    "ForwardDiff": 1.2318471586432336,
    "Mooncake": 6.173079910922367,
    "ReverseDiff": 27.369574998269535,
    "ReverseDiffCompiled": 2.209316651627681,
    "Zygote": "error"
  },
  "demo_dot_assume_observe": {
    "__category__": "DynamicPPL demo models",
    "EnzymeForward": 3.646294553103464,
    "EnzymeReverse": 5.702882387802381,
    "FiniteDifferences": 63.38385653384068,
    "ForwardDiff": 1.3105244572635877,
    "Mooncake": 6.922861847747778,
    "ReverseDiff": 35.10850378984529,
    "ReverseDiffCompiled": 2.5910187808204803,
    "Zygote": "error"
  },
  "demo_dot_assume_observe_index": {
    "__category__": "DynamicPPL demo models",
    "EnzymeForward": 3.4727822172915697,
    "EnzymeReverse": 5.085993398882888,
    "FiniteDifferences": 62.57744874715262,
    "ForwardDiff": 1.3102764976958523,
    "Mooncake": 7.10855089314026,
    "ReverseDiff": 32.40289643675766,
    "ReverseDiffCompiled": 2.644739496197155,
    "Zygote": "error"
  },
  "assume_lkjcholu": {
    "__category__": "Distributions",
    "EnzymeForward": 4.383539233936933,
    "EnzymeReverse": 14.095840804415849,
    "FiniteDifferences": 151.1121238177128,
    "ForwardDiff": 2.4196653989965164,
    "Mooncake": 6.3999999999999995,
    "ReverseDiff": 54.10073794405354,
    "ReverseDiffCompiled": 6.416331971166495,
    "Zygote": "error"
  },
  "demo_dot_assume_observe_index_literal": {
    "__category__": "DynamicPPL demo models",
    "EnzymeForward": 3.5911229231520103,
    "EnzymeReverse": 5.192981755160548,
    "FiniteDifferences": 64.83729694131421,
    "ForwardDiff": 1.303140694344154,
    "Mooncake": 6.922112267531139,
    "ReverseDiff": 33.329032258064515,
    "ReverseDiffCompiled": 2.8182996415282693,
    "Zygote": "error"
  },
  "demo_dot_assume_observe_matrix_index": {
    "__category__": "DynamicPPL demo models",
    "EnzymeForward": 3.649323538737977,
    "EnzymeReverse": 6.680571981507365,
    "FiniteDifferences": 60.993294653093834,
    "ForwardDiff": 1.3071620332582679,
    "Mooncake": 6.969785866109228,
    "ReverseDiff": 38.41973558288732,
    "ReverseDiffCompiled": 2.5234398628894046,
    "Zygote": "error"
  },
  "demo_dot_assume_observe_submodel": {
    "__category__": "DynamicPPL demo models",
    "EnzymeForward": 3.1337533536309645,
    "EnzymeReverse": 5.435042719571356,
    "FiniteDifferences": 59.778304221766504,
    "ForwardDiff": 1.212518160757058,
    "Mooncake": 5.986090304149391,
    "ReverseDiff": 30.489981225465097,
    "ReverseDiffCompiled": 1.9358463581571155,
    "Zygote": "error"
  },
  "dot_assume": {
    "__category__": "Core Turing syntax",
    "EnzymeForward": 2.9167202028740493,
    "EnzymeReverse": 1.9249446620125998,
    "FiniteDifferences": 78.61971326164874,
    "ForwardDiff": 1.3483044586003745,
    "Mooncake": 5.367732774627888,
    "ReverseDiff": 22.21111630079402,
    "ReverseDiffCompiled": 2.2006394176380897,
    "Zygote": "error"
  },
  "dot_observe": {
    "__category__": "Core Turing syntax",
    "EnzymeForward": 2.817416159779155,
    "EnzymeReverse": 2.4447287183355835,
    "FiniteDifferences": 29.541215423880807,
    "ForwardDiff": 1.7355305964086516,
    "Mooncake": 8.776937939234378,
    "ReverseDiff": 53.946408839779004,
    "ReverseDiffCompiled": 5.387067874850402,
    "Zygote": "error"
  },
  "dynamic_constraint": {
    "__category__": "Core Turing syntax",
    "EnzymeForward": 2.551453317674692,
    "EnzymeReverse": 2.570196547598701,
    "FiniteDifferences": 37.24531024531025,
    "ForwardDiff": 1.3156591700981946,
    "Mooncake": 8.181789737171465,
    "ReverseDiff": 30.68731381612738,
    "ReverseDiffCompiled": 2.4513895145361935,
    "Zygote": 2126.60987756796
  },
  "metabayesian_MH": {
    "__category__": "Miscellaneous features",
    "EnzymeForward": "error",
    "EnzymeReverse": "error",
    "FiniteDifferences": "wrong",
    "ForwardDiff": "error",
    "Mooncake": "error",
    "ReverseDiff": "error",
    "ReverseDiffCompiled": "error",
    "Zygote": "error"
  },
  "multiple_constraints_same_var": {
    "__category__": "Core Turing syntax",
    "EnzymeForward": 2.9593206410080812,
    "EnzymeReverse": 9.249849227289861,
    "FiniteDifferences": 59.723224480475,
    "ForwardDiff": 1.242851488573358,