{
  "assume_beta": {
    "EnzymeForward": 2.607685517398485,
    "EnzymeReverse": 4.257034576334627,
    "FiniteDifferences": 23.674238856181667,
    "ForwardDiff": 1.2190814601881794,
    "Mooncake": 6.7861389943344985,
    "ReverseDiff": 30.325681095284196,
    "ReverseDiffCompiled": 2.8227669860920215,
    "Zygote": 983.3188992588526
  },
  "assume_dirichlet": {
    "EnzymeForward": 2.424708423840744,
    "EnzymeReverse": 3.1766018588068516,
    "FiniteDifferences": 22.578185754683634,
    "ForwardDiff": 1.307120059233487,
    "Mooncake": 8.532481619862601,
    "ReverseDiff": 33.92411575562701,
    "ReverseDiffCompiled": 3.05905306065568,
    "Zygote": 675.6266576225199
  },
  "demo_assume_index_observe": {
    "EnzymeForward": "error",
    "EnzymeReverse": "error",
    "FiniteDifferences": 58.889361373125105,
    "ForwardDiff": 1.3117558334318025,
    "Mooncake": 6.396287944492629,
    "ReverseDiff": 23.646306091110734,
    "ReverseDiffCompiled": 2.435997310519116,
    "Zygote": "error"
  },
  "demo_assume_matrix_observe_matrix_index": {
    "EnzymeForward": "error",
    "EnzymeReverse": "error",
    "FiniteDifferences": 62.54839476813318,
    "ForwardDiff": 1.509152023611073,
    "Mooncake": 266.80857221609705,
    "ReverseDiff": 45.334939002041985,
    "ReverseDiffCompiled": 2.8668927805080635,
    "Zygote": "error"
  },
  "demo_assume_multivariate_observe": {
    "EnzymeForward": "error",
    "EnzymeReverse": "error",
    "FiniteDifferences": 54.682867557715674,
    "ForwardDiff": 1.4260477724384362,
    "Mooncake": 234.64791498614667,
    "ReverseDiff": 42.90849282296651,
    "ReverseDiffCompiled": 2.8490477553287947,
    "Zygote": 1357.5565501807541
  },
  "demo_assume_multivariate_observe_literal": {
    "EnzymeForward": "error",
    "EnzymeReverse": "error",
    "FiniteDifferences": 65.7815359707166,
    "ForwardDiff": 1.414110068229834,
    "Mooncake": 203.37998222465305,
    "ReverseDiff": 44.04407586070178,
    "ReverseDiffCompiled": 2.9983585940437445,
    "Zygote": 1238.8268479824621
  },
  "demo_assume_observe_literal": {
    "EnzymeForward": "error",
    "EnzymeReverse": "error",
    "FiniteDifferences": 37.70267851223232,
    "ForwardDiff": 1.4478239053800812,
    "Mooncake": 10.983741761027547,
    "ReverseDiff": 33.18420154297809,
    "ReverseDiffCompiled": 3.762927808820594,
    "Zygote": 1713.8702097758278
  },
  "demo_assume_submodel_observe_index_literal": {
    "EnzymeForward": "error",
    "EnzymeReverse": "error",
    "FiniteDifferences": 41.50428707129287,
    "ForwardDiff": 1.1132733958319823,
    "Mooncake": 5.891549441456351,
    "ReverseDiff": 27.028063704945517,
    "ReverseDiffCompiled": 2.2632837926716376,
    "Zygote": "error"
  },
  "demo_dot_assume_observe": {
    "EnzymeForward": "error",
    "EnzymeReverse": "error",
    "FiniteDifferences": 57.11111111111111,
    "ForwardDiff": 1.3503900222869878,
    "Mooncake": 7.358757453889891,
    "ReverseDiff": 37.208635245629196,
    "ReverseDiffCompiled": 2.5524456221706964,
    "Zygote": "error"
  },
  "demo_dot_assume_observe_index": {
    "EnzymeForward": "error",
    "EnzymeReverse": "error",
    "FiniteDifferences": 62.147046787614244,
    "ForwardDiff": 1.3319508557630848,
    "Mooncake": 6.9113014406838085,
    "ReverseDiff": 31.968169033408795,
    "ReverseDiffCompiled": 2.8261207917442057,
    "Zygote": "error"
  },
  "demo_dot_assume_observe_index_literal": {
    "EnzymeForward": "error",
    "EnzymeReverse": "error",
    "FiniteDifferences": 48.11658296812352,
    "ForwardDiff": 1.370669504238914,
    "Mooncake": 7.117258464079274,
    "ReverseDiff": 31.99295512277731,
    "ReverseDiffCompiled": 2.8217102884006873,
    "Zygote": "error"
  },
  "demo_dot_assume_observe_matrix_index": {
    "EnzymeForward": "error",
    "EnzymeReverse": "error",
    "FiniteDifferences": 62.74248678151117,
    "ForwardDiff": 1.382967032967033,
    "Mooncake": 7.173135675600611,
    "ReverseDiff": 36.29679038663206,
    "ReverseDiffCompiled": 2.4779840373060713,
    "Zygote": "error"
  },
  "assume_lkjcholu": {
    "EnzymeForward": 4.49019454797354,
    "EnzymeReverse": 12.574693496801705,
    "FiniteDifferences": 150.04983631677925,
    "ForwardDiff": 1.849004271595005,
    "Mooncake": 6.393424855491331,
    "ReverseDiff": 49.48431405799559,
    "ReverseDiffCompiled": 6.473820632452047,
    "Zygote": "error"
  },
  "demo_dot_assume_observe_submodel": {
    "EnzymeForward": "error",
    "EnzymeReverse": "error",
    "FiniteDifferences": 57.70155169505819,
    "ForwardDiff": 1.2210336602173337,
    "Mooncake": 6.110345368564961,
    "ReverseDiff": 29.345248178892092,
    "ReverseDiffCompiled": 2.0769756091985556,
    "Zygote": "error"
  },
  "dot_assume": {
    "EnzymeForward": 2.944957709824333,
    "EnzymeReverse": 2.3004045868484018,
    "FiniteDifferences": 77.94792362131126,
    "ForwardDiff": 1.3762361986046194,
    "Mooncake": 5.094860497850104,
    "ReverseDiff": 25.93682503409384,
    "ReverseDiffCompiled": 2.410920364629124,
    "Zygote": "error"
  },
  "dot_observe": {
    "EnzymeForward": 2.7758348080124815,
    "EnzymeReverse": 2.657403943412174,
    "FiniteDifferences": 27.762264981130794,
    "ForwardDiff": 1.7537890007393508,
    "Mooncake": 9.306585363863588,
    "ReverseDiff": 57.4078872132085,
    "ReverseDiffCompiled": 6.189191902033756,
    "Zygote": "error"
  },
  "dppl_gauss_unknown": {
    "EnzymeForward": "error",
    "EnzymeReverse": "error",
    "FiniteDifferences": 22.100034749370167,
    "ForwardDiff": 3.1086456127428415,
    "Mooncake": 26.827805438529296,
    "ReverseDiff": 7.675738007380073,
    "ReverseDiffCompiled": 2.814016907553859,
    "Zygote": 139.35198889916745
  },
  "dppl_high_dim_gauss": {
    "EnzymeForward": 31946.403508399344,
    "EnzymeReverse": 5.092479083709901,
    "FiniteDifferences": 122245.04854827287,
    "ForwardDiff": 10706.080744135466,
    "Mooncake": 19.079258416144988,
    "ReverseDiff": 4.772694324819852,
    "ReverseDiffCompiled": 1.8364153627311521,
    "Zygote": 14.670963715404811
  },
  "dppl_naive_bayes": {
    "EnzymeForward": 801.3767297471469,
    "EnzymeReverse": 9.540980506255455,
    "FiniteDifferences": 5984.308131305189,
    "ForwardDiff": 719.6732115775548,
    "Mooncake": 26.84043586147373,
    "ReverseDiff": 23.061355430504506,
    "ReverseDiffCompiled": 5.806590020542045,
    "Zygote": 86.73372704263743
  },
  "dynamic_constraint": {
    "EnzymeForward": "error",
    "EnzymeReverse": "error",
    "FiniteDifferences": 36.20114281850149,
    "ForwardDiff": 1.298639509918939,
    "Mooncake": 7.80098568411171,
    "ReverseDiff": 35.405882552844425,
    "ReverseDiffCompiled": 2.740538631313575,
    "Zygote": 1342.1793394777267
  },
  "multiple_constraints_same_var": {
    "EnzymeForward": 18.044782682225605,
    "EnzymeReverse": 53.77047735926241,
    "FiniteDifferences": 60.84477778164481,
    "ForwardDiff": 1.2197704126273057,
    "Mooncake": 12.676904836887054,
    "ReverseDiff": 28.43721879844228,
    "ReverseDiffCompiled": 2.5297422058092462,
    "Zygote": "error"
  },
  "multithreaded": {
    "EnzymeForward": 2.9013337263281995,
    "EnzymeReverse": 12.104205900816067,
    "FiniteDifferences": 14.93152949364886,
    "ForwardDiff": 1.1039098630995154,
    "Mooncake": "error",
    "ReverseDiff": "error",
    "ReverseDiffCompiled": "wrong",
    "Zygote": "error"
  },
  "n010": {
    "EnzymeForward": 4.218024227947449,
    "EnzymeReverse": 2.1925875164182513,
    "FiniteDifferences": 141.60920402249872,
    "ForwardDiff": 1.2412903433874334,
    "Mooncake": 4.21937628311663,
    "ReverseDiff": 25.701056798501398,
    "ReverseDiffCompiled": 2.3577627323701167,
    "Zygote": "error"
  },
  "assume_mvnormal": {
    "EnzymeForward": "error",
    "EnzymeReverse": 4.677630198666947,
    "FiniteDifferences": 38.35187314038409,
    "ForwardDiff": 1.1777124785043587,
    "Mooncake": 13.722004537017941,
    "ReverseDiff": 12.940881337934696,
    "ReverseDiffCompiled": 1.2955113621070997,