{
  "assume_beta": {
    "EnzymeForward": 2.6515826212540614,
    "EnzymeReverse": 4.130240508086347,
    "FiniteDifferences": 24.298655423883318,
    "ForwardDiff": 1.6522876622194844,
    "Mooncake": 7.493291993776961,
    "ReverseDiff": 27.8851971999317,
    "ReverseDiffCompiled": 2.6982066108440876,
    "Zygote": 936.2436787221428
  },
  "assume_dirichlet": {
    "EnzymeForward": 2.517488625263147,
    "EnzymeReverse": 2.994901200020601,
    "FiniteDifferences": 22.69975401864882,
    "ForwardDiff": 1.2753289607360268,
    "Mooncake": 8.603343031547722,
    "ReverseDiff": 28.24337472359245,
    "ReverseDiffCompiled": 2.837331845952535,
    "Zygote": 662.298255975542
  },
  "demo_assume_dot_observe_literal": {
    "EnzymeForward": 2.6213409045984655,
    "EnzymeReverse": 2.7927707373271886,
    "FiniteDifferences": 37.95546977321293,
    "ForwardDiff": 1.3289238921704467,
    "Mooncake": 7.878837184076366,
    "ReverseDiff": 28.550093015389816,
    "ReverseDiffCompiled": 3.1600316982610477,
    "Zygote": 1763.984457396614
  },
  "demo_assume_index_observe": {
    "EnzymeForward": 2.21918906459824,
    "EnzymeReverse": 4.766522366522367,
    "FiniteDifferences": 60.51418979718974,
    "ForwardDiff": 1.2965814216453169,
    "Mooncake": 6.2146033152183175,
    "ReverseDiff": 24.16821564647652,
    "ReverseDiffCompiled": 2.380108968110291,
    "Zygote": "error"
  },
  "demo_assume_matrix_observe_matrix_index": {
    "EnzymeForward": 3.8352301681671475,
    "EnzymeReverse": 7.290263997475721,
    "FiniteDifferences": 64.05958023019633,
    "ForwardDiff": 1.4434223434362112,
    "Mooncake": 9.027266766238023,
    "ReverseDiff": 45.556029263800546,
    "ReverseDiffCompiled": 2.698775154014773,
    "Zygote": "error"
  },
  "demo_assume_multivariate_observe": {
    "EnzymeForward": 3.636609710708848,
    "EnzymeReverse": 7.296428883262028,
    "FiniteDifferences": 68.11497730711044,
    "ForwardDiff": 1.417378680682484,
    "Mooncake": 8.785218838870776,
    "ReverseDiff": 46.442680837674374,
    "ReverseDiffCompiled": 2.987005324792511,
    "Zygote": 1326.1836882865439
  },
  "demo_assume_multivariate_observe_literal": {
    "EnzymeForward": 3.550545300532947,
    "EnzymeReverse": 6.918622792709737,
    "FiniteDifferences": 66.14724306463825,
    "ForwardDiff": 1.6485027263788323,
    "Mooncake": 8.71776832794693,
    "ReverseDiff": 46.11466770417006,
    "ReverseDiffCompiled": 3.0348639455782314,
    "Zygote": 1172.4217654171705
  },
  "demo_assume_observe_literal": {
    "EnzymeForward": 2.940081073395891,
    "EnzymeReverse": 2.8959972513313863,
    "FiniteDifferences": 38.09988333790832,
    "ForwardDiff": 1.417287056823143,
    "Mooncake": 8.568151803711682,
    "ReverseDiff": 32.82442204253197,
    "ReverseDiffCompiled": 3.60226843100189,
    "Zygote": 1658.1181848202027
  },
  "demo_assume_submodel_observe_index_literal": {
    "EnzymeForward": 3.7361743884488674,
    "EnzymeReverse": 5.428114715561824,
    "FiniteDifferences": 60.36465869207077,
    "ForwardDiff": 1.2376977332028705,
    "Mooncake": 5.961111307607965,
    "ReverseDiff": 27.390560658853342,
    "ReverseDiffCompiled": 2.11046065489251,
    "Zygote": "error"
  },
  "demo_dot_assume_observe": {
    "EnzymeForward": 3.8893903895626605,
    "EnzymeReverse": 6.772937827294135,
    "FiniteDifferences": 62.34353060878413,
    "ForwardDiff": 1.3535617259993649,
    "Mooncake": 7.331495327102805,
    "ReverseDiff": 39.750325945241194,
    "ReverseDiffCompiled": 2.481118481118481,
    "Zygote": "error"
  },
  "demo_dot_assume_observe_index": {
    "EnzymeForward": 3.4357249626307924,
    "EnzymeReverse": 5.770897779610916,
    "FiniteDifferences": 61.888250945245765,
    "ForwardDiff": 1.2956308947234259,
    "Mooncake": 7.013330325263859,
    "ReverseDiff": 33.22969292571662,
    "ReverseDiffCompiled": 2.6978469097308344,
    "Zygote": "error"
  },
  "demo_dot_assume_observe_index_literal": {
    "EnzymeForward": 3.6435365210206174,
    "EnzymeReverse": 4.747565249307409,
    "FiniteDifferences": 62.80312271285679,
    "ForwardDiff": 1.3337401036584868,
    "Mooncake": 7.150491550921877,
    "ReverseDiff": 33.47870134285229,
    "ReverseDiffCompiled": 2.8482226270553066,
    "Zygote": "error"
  },
  "assume_lkjcholu": {
    "EnzymeForward": 4.478194461388314,
    "EnzymeReverse": 14.748939059582415,
    "FiniteDifferences": 149.99069414765285,
    "ForwardDiff": 2.4115642214560298,
    "Mooncake": 6.279880239520958,
    "ReverseDiff": 51.63747209342263,
    "ReverseDiffCompiled": 6.470122390208783,
    "Zygote": "error"
  },
  "demo_dot_assume_observe_matrix_index": {
    "EnzymeForward": 3.897028577921709,
    "EnzymeReverse": 6.548715299304264,
    "FiniteDifferences": 62.53878622353066,
    "ForwardDiff": 1.2677892197792004,
    "Mooncake": 7.262314641213567,
    "ReverseDiff": 37.68473029787995,
    "ReverseDiffCompiled": 2.4983513035541103,
    "Zygote": "error"
  },
  "demo_dot_assume_observe_submodel": {
    "EnzymeForward": 3.240814063984796,
    "EnzymeReverse": 5.70731488942609,
    "FiniteDifferences": 58.86293348802639,
    "ForwardDiff": 1.232687582059967,
    "Mooncake": 5.595376508584056,
    "ReverseDiff": 31.126482213438734,
    "ReverseDiffCompiled": 1.9879809380757614,
    "Zygote": "error"
  },
  "dot_assume": {
    "EnzymeForward": 2.7739004870407986,
    "EnzymeReverse": 2.185919996761822,
    "FiniteDifferences": 78.31298115211044,
    "ForwardDiff": 1.3540135466205505,
    "Mooncake": 4.9052035033487895,
    "ReverseDiff": 22.287816423132334,
    "ReverseDiffCompiled": 2.173036296070047,
    "Zygote": "error"
  },
  "dot_observe": {
    "EnzymeForward": 2.856176790242724,
    "EnzymeReverse": 2.638460918743857,
    "FiniteDifferences": 29.362669850474724,
    "ForwardDiff": 1.706876237384712,
    "Mooncake": 9.819880879030602,
    "ReverseDiff": 53.083673469387755,
    "ReverseDiffCompiled": 5.490367756443522,
    "Zygote": "error"
  },
  "dynamic_constraint": {
    "EnzymeForward": 2.3967449824907825,
    "EnzymeReverse": 2.0919024838032025,
    "FiniteDifferences": 36.03129101333149,
    "ForwardDiff": 1.267333275867023,
    "Mooncake": 7.882300429184549,
    "ReverseDiff": 33.25397424892704,
    "ReverseDiffCompiled": 2.64055451183047,
    "Zygote": 1212.7098739786734
  },
  "multiple_constraints_same_var": {
    "EnzymeForward": 4.943314808761033,
    "EnzymeReverse": 26.231308810949532,
    "FiniteDifferences": 58.90943097618876,
    "ForwardDiff": 1.265327362411041,
    "Mooncake": 13.225879170423806,
    "ReverseDiff": 27.217400508044033,
    "ReverseDiffCompiled": 2.273448926179663,
    "Zygote": "error"
  },
  "multithreaded": {
    "EnzymeForward": 2.900817392769866,
    "EnzymeReverse": 10.933456097765129,
    "FiniteDifferences": 15.38443113772455,
    "ForwardDiff": 1.2172659876671517,
    "Mooncake": "error",
    "ReverseDiff": "wrong",
    "ReverseDiffCompiled": "error",
    "Zygote": "error"
  },
  "n010": {
    "EnzymeForward": 4.188145221042232,
    "EnzymeReverse": 2.08397087857848,
    "FiniteDifferences": 140.29646250394418,
    "ForwardDiff": 1.7153128643606683,
    "Mooncake": 4.639886773031395,
    "ReverseDiff": 23.994021606125234,
    "ReverseDiffCompiled": 2.307938068321455,
    "Zygote": "error"
  },
  "n050": {
    "EnzymeForward": 19.62992630567126,
    "EnzymeReverse": 2.312270359752897,
    "FiniteDifferences": 631.855052711749,
    "ForwardDiff": 8.579691516709513,
    "Mooncake": 3.9917996542991516,
    "ReverseDiff": 25.06684845811445,
    "ReverseDiffCompiled": 2.6565031727660937,
    "Zygote": "error"
  },
  "n100": {
    "EnzymeForward": 36.9808115282518,
    "EnzymeReverse": 2.2327369805155994,
    "FiniteDifferences": 1252.094159949423,
    "ForwardDiff": 13.712579889006872,
    "Mooncake": 3.684036653950525,
    "ReverseDiff": 25.05630188073946,
    "ReverseDiffCompiled": 2.44094739785118,
    "Zygote": "error"
  },
  "assume_mvnormal": {
    "EnzymeForward": "error",
    "EnzymeReverse": 5.098949665636449,