{
  "assume_beta": {
    "__category__": "Distributions",
    "EnzymeForward": 2.6798776278471492,
    "EnzymeReverse": 3.4834078385311664,
    "FiniteDifferences": 24.379959204487506,
    "ForwardDiff": 1.6879272141669064,
    "Mooncake": 7.207280665991557,
    "ReverseDiff": 28.265020800654707,
    "ReverseDiffCompiled": 2.6390144145371273,
    "Zygote": 1014.0592091351235
  },
  "assume_dirichlet": {
    "__category__": "Distributions",
    "EnzymeForward": 2.573272841928251,
    "EnzymeReverse": 3.219097480240492,
    "FiniteDifferences": 23.088656561555467,
    "ForwardDiff": 1.3010473565522422,
    "Mooncake": 7.9507439712673165,
    "ReverseDiff": 25.834803158683496,
    "ReverseDiffCompiled": 2.720625743921102,
    "Zygote": "error"
  },
  "demo_assume_dot_observe": {
    "__category__": "DynamicPPL demo models",
    "EnzymeForward": 2.7208198825405465,
    "EnzymeReverse": 2.78184732661276,
    "FiniteDifferences": 39.11268880072388,
    "ForwardDiff": 1.4501501963667869,
    "Mooncake": 8.4516112661761,
    "ReverseDiff": 30.737599728399253,
    "ReverseDiffCompiled": 3.2339412816266546,
    "Zygote": "error"
  },
  "demo_assume_dot_observe_literal": {
    "__category__": "DynamicPPL demo models",
    "EnzymeForward": 2.647405471096741,
    "EnzymeReverse": 2.635246945010183,
    "FiniteDifferences": 37.4748319846386,
    "ForwardDiff": 1.3421623752549583,
    "Mooncake": 8.346237712946873,
    "ReverseDiff": 29.719821794781133,
    "ReverseDiffCompiled": 3.0787442062832837,
    "Zygote": 1937.4280673675023
  },
  "demo_assume_index_observe": {
    "__category__": "DynamicPPL demo models",
    "EnzymeForward": 3.4056018796594,
    "EnzymeReverse": 4.017428138559369,
    "FiniteDifferences": 60.7106450432874,
    "ForwardDiff": 1.2718400218400217,
    "Mooncake": 6.616774049062844,
    "ReverseDiff": 24.029110853285516,
    "ReverseDiffCompiled": 2.347455379135246,
    "Zygote": "error"
  },
  "demo_assume_matrix_observe_matrix_index": {
    "__category__": "DynamicPPL demo models",
    "EnzymeForward": 3.470414566029524,
    "EnzymeReverse": 7.140257113967933,
    "FiniteDifferences": 66.36045794200315,
    "ForwardDiff": 1.4111232327420558,
    "Mooncake": 8.514456365256734,
    "ReverseDiff": 43.926834281016646,
    "ReverseDiffCompiled": 2.658343877407564,
    "Zygote": "error"
  },
  "demo_assume_multivariate_observe": {
    "__category__": "DynamicPPL demo models",
    "EnzymeForward": 3.4951962668130663,
    "EnzymeReverse": 7.383108819578083,
    "FiniteDifferences": 65.48227611940298,
    "ForwardDiff": 1.4174174966857893,
    "Mooncake": 8.53322571230528,
    "ReverseDiff": 46.94462312963222,
    "ReverseDiffCompiled": 3.0805546384945526,
    "Zygote": 1467.2570947210784
  },
  "demo_assume_multivariate_observe_literal": {
    "__category__": "DynamicPPL demo models",
    "EnzymeForward": 3.5611828277889606,
    "EnzymeReverse": 6.889316893168932,
    "FiniteDifferences": 64.32641899553124,
    "ForwardDiff": 1.4036815528417435,
    "Mooncake": 8.02924791086351,
    "ReverseDiff": 46.743239313754,
    "ReverseDiffCompiled": 2.9407435223432223,
    "Zygote": 1952.1663523467244
  },
  "demo_assume_observe_literal": {
    "__category__": "DynamicPPL demo models",
    "EnzymeForward": 2.701376211703106,
    "EnzymeReverse": 2.8314675271017373,
    "FiniteDifferences": 39.75984580120859,
    "ForwardDiff": 1.4635180193250028,
    "Mooncake": 8.090111383435659,
    "ReverseDiff": 31.358763882182522,
    "ReverseDiffCompiled": 3.439646864459283,
    "Zygote": 1696.2732301269784
  },
  "demo_assume_submodel_observe_index_literal": {
    "__category__": "DynamicPPL demo models",
    "EnzymeForward": 3.0981887511916106,
    "EnzymeReverse": 5.344896398275623,
    "FiniteDifferences": 61.1722380016022,
    "ForwardDiff": 1.2543055497334927,
    "Mooncake": 6.129608721730234,
    "ReverseDiff": 26.13483612225142,
    "ReverseDiffCompiled": 1.8575162719844895,
    "Zygote": "error"
  },
  "demo_dot_assume_observe": {
    "__category__": "DynamicPPL demo models",
    "EnzymeForward": 3.524335540203416,
    "EnzymeReverse": 6.208271356085356,
    "FiniteDifferences": 62.863626812355534,
    "ForwardDiff": 1.2815654770368266,
    "Mooncake": 7.590182490581688,
    "ReverseDiff": 36.2196258332736,
    "ReverseDiffCompiled": 2.5575465575465577,
    "Zygote": "error"
  },
  "demo_dot_assume_observe_index": {
    "__category__": "DynamicPPL demo models",
    "EnzymeForward": 3.636263547221745,
    "EnzymeReverse": 5.216679214617765,
    "FiniteDifferences": 62.98527876383378,
    "ForwardDiff": 1.2717019701829204,
    "Mooncake": 6.5888050021618385,
    "ReverseDiff": 33.06871603021106,
    "ReverseDiffCompiled": 2.7109957209481226,
    "Zygote": "error"
  },
  "assume_lkjcholu": {
    "__category__": "Distributions",
    "EnzymeForward": 4.397526214224269,
    "EnzymeReverse": 14.390869304344756,
    "FiniteDifferences": 154.56351407571765,
    "ForwardDiff": 2.300290991902834,
    "Mooncake": 6.437842715346706,
    "ReverseDiff": 55.53908261989281,
    "ReverseDiffCompiled": 6.526286624645009,
    "Zygote": "error"
  },
  "demo_dot_assume_observe_index_literal": {
    "__category__": "DynamicPPL demo models",
    "EnzymeForward": 3.4778905890017002,
    "EnzymeReverse": 4.673589772575458,
    "FiniteDifferences": 63.45317507836439,
    "ForwardDiff": 1.303726169844021,
    "Mooncake": 7.1941784920499225,
    "ReverseDiff": 34.02926041062929,
    "ReverseDiffCompiled": 2.7966868869985593,
    "Zygote": "error"
  },
  "demo_dot_assume_observe_matrix_index": {
    "__category__": "DynamicPPL demo models",
    "EnzymeForward": 3.6233096272421523,
    "EnzymeReverse": 6.234232633877355,
    "FiniteDifferences": 63.125859314035154,
    "ForwardDiff": 1.2601803908239426,
    "Mooncake": 7.217175738274464,
    "ReverseDiff": 36.461829162766875,
    "ReverseDiffCompiled": 2.5208642321722055,
    "Zygote": "error"
  },
  "demo_dot_assume_observe_submodel": {
    "__category__": "DynamicPPL demo models",
    "EnzymeForward": 3.21900603669401,
    "EnzymeReverse": 6.262888545423321,
    "FiniteDifferences": 59.11266883227902,
    "ForwardDiff": 1.211864406779661,
    "Mooncake": 5.771370351502802,
    "ReverseDiff": 27.93759076258279,
    "ReverseDiffCompiled": 1.9716942231208183,
    "Zygote": "error"
  },
  "dot_assume": {
    "__category__": "Core Turing syntax",
    "EnzymeForward": 2.912659492220786,
    "EnzymeReverse": 1.8803308570642452,
    "FiniteDifferences": 78.20236166178245,
    "ForwardDiff": 1.3977163589798314,
    "Mooncake": 5.330094919619491,
    "ReverseDiff": 22.748827863362358,
    "ReverseDiffCompiled": 2.239538741492153,
    "Zygote": "error"
  },
  "dot_observe": {
    "__category__": "Core Turing syntax",
    "EnzymeForward": 3.0835435203094774,
    "EnzymeReverse": 2.459890806102578,
    "FiniteDifferences": 28.663062938989118,
    "ForwardDiff": 1.6912995911786723,
    "Mooncake": 9.72342586323629,
    "ReverseDiff": 54.446580688953,
    "ReverseDiffCompiled": 5.157355583195136,
    "Zygote": "error"
  },
  "dynamic_constraint": {
    "__category__": "Core Turing syntax",
    "EnzymeForward": 2.391282655740363,
    "EnzymeReverse": 2.5559312882993943,
    "FiniteDifferences": 36.5860748771811,
    "ForwardDiff": 1.3434503981868462,
    "Mooncake": 7.848095498450883,
    "ReverseDiff": 31.193110140708395,
    "ReverseDiffCompiled": 2.5266377947343095,
    "Zygote": 2048.631707572531
  },
  "metabayesian_MH": {
    "__category__": "Miscellaneous features",
    "EnzymeForward": "error",
    "EnzymeReverse": "error",
    "FiniteDifferences": "error",
    "ForwardDiff": "error",
    "Mooncake": "error",
    "ReverseDiff": "error",
    "ReverseDiffCompiled": "error",
    "Zygote": "error"
  },
  "multiple_constraints_same_var": {
    "__category__": "Core Turing syntax",
    "EnzymeForward": 2.8698017689502677,
    "EnzymeReverse": 9.26373171404913,
    "FiniteDifferences": 59.49290194783756,
    "ForwardDiff": 1.2231392425270384,