{
  "assume_beta": {
    "EnzymeForward": 2.6512916514686635,
    "EnzymeReverse": 4.111624596908707,
    "FiniteDifferences": 22.876490172913755,
    "ForwardDiff": 1.674991990542071,
    "Mooncake": 7.309110244594116,
    "ReverseDiff": 29.64614130369624,
    "ReverseDiffCompiled": 3.0470746100084445,
    "Zygote": 897.2629586287602
  },
  "assume_dirichlet": {
    "EnzymeForward": 2.4567839987735915,
    "EnzymeReverse": 3.028605482717521,
    "FiniteDifferences": 20.990392863269857,
    "ForwardDiff": 1.3028868414721573,
    "Mooncake": 8.883154121863798,
    "ReverseDiff": 13.573202503806462,
    "ReverseDiffCompiled": 2.460133223458316,
    "Zygote": 519.8433855152246
  },
  "demo_assume_index_observe": {
    "EnzymeForward": 3.349421929263297,
    "EnzymeReverse": 4.23405071886163,
    "FiniteDifferences": 60.961025641025635,
    "ForwardDiff": 1.2802673948940766,
    "Mooncake": 5.320660814266952,
    "ReverseDiff": 24.33067619571193,
    "ReverseDiffCompiled": 2.4549837561346513,
    "Zygote": "error"
  },
  "demo_assume_matrix_observe_matrix_index": {
    "EnzymeForward": 3.6155829364257617,
    "EnzymeReverse": 7.043502470940349,
    "FiniteDifferences": 63.64051113797271,
    "ForwardDiff": 1.4513726156110263,
    "Mooncake": 8.903836229141579,
    "ReverseDiff": 29.110378912685338,
    "ReverseDiffCompiled": 3.0025592404492594,
    "Zygote": "error"
  },
  "demo_assume_multivariate_observe": {
    "EnzymeForward": 3.0775071589593614,
    "EnzymeReverse": 6.845787892369238,
    "FiniteDifferences": 67.5357070502431,
    "ForwardDiff": 1.4260689733537866,
    "Mooncake": 8.858339429407462,
    "ReverseDiff": 29.233898305084747,
    "ReverseDiffCompiled": 3.0556167047546654,
    "Zygote": 1520.0905326288735
  },
  "demo_assume_multivariate_observe_literal": {
    "EnzymeForward": 3.5227120348642305,
    "EnzymeReverse": 6.142372881355932,
    "FiniteDifferences": 68.02249488752555,
    "ForwardDiff": 1.2529452668124081,
    "Mooncake": 8.283142837588118,
    "ReverseDiff": 37.09393160285986,
    "ReverseDiffCompiled": 3.1360792753115465,
    "Zygote": 1314.0590404632248
  },
  "demo_assume_observe_literal": {
    "EnzymeForward": 2.836937799043062,
    "EnzymeReverse": 2.767200946401649,
    "FiniteDifferences": 38.53926854145418,
    "ForwardDiff": 1.4033888432552635,
    "Mooncake": 7.963371222350429,
    "ReverseDiff": 34.178700051449155,
    "ReverseDiffCompiled": 3.8092261220080617,
    "Zygote": 1626.9097128422827
  },
  "demo_assume_submodel_observe_index_literal": {
    "EnzymeForward": 3.1900916797729106,
    "EnzymeReverse": 4.649142677911758,
    "FiniteDifferences": 58.76021253105162,
    "ForwardDiff": 1.2383622841327713,
    "Mooncake": 5.9303322430710965,
    "ReverseDiff": 21.89854363845912,
    "ReverseDiffCompiled": 2.2718363611245422,
    "Zygote": "error"
  },
  "demo_dot_assume_observe": {
    "EnzymeForward": 3.676988843707643,
    "EnzymeReverse": 6.274610782633034,
    "FiniteDifferences": 61.945735741104954,
    "ForwardDiff": 1.3176404847553522,
    "Mooncake": 7.516797460541398,
    "ReverseDiff": 26.070978820835716,
    "ReverseDiffCompiled": 2.6408897799417628,
    "Zygote": "error"
  },
  "demo_dot_assume_observe_index": {
    "EnzymeForward": 3.476719321238877,
    "EnzymeReverse": 5.133958391316448,
    "FiniteDifferences": 63.50035139443596,
    "ForwardDiff": 1.3049618873339566,
    "Mooncake": 6.765028018339276,
    "ReverseDiff": 26.770007556502023,
    "ReverseDiffCompiled": 2.9873597972549115,
    "Zygote": "error"
  },
  "demo_dot_assume_observe_index_literal": {
    "EnzymeForward": 3.613509178539355,
    "EnzymeReverse": 4.728018472382574,
    "FiniteDifferences": 63.5531788472965,
    "ForwardDiff": 1.2984579712024906,
    "Mooncake": 7.228466406457236,
    "ReverseDiff": 27.947576422901534,
    "ReverseDiffCompiled": 2.7828851869772584,
    "Zygote": "error"
  },
  "demo_dot_assume_observe_matrix_index": {
    "EnzymeForward": 3.7092506894778667,
    "EnzymeReverse": 6.505273451142,
    "FiniteDifferences": 61.2588050762869,
    "ForwardDiff": 1.2786586634740378,
    "Mooncake": 7.710626951548959,
    "ReverseDiff": 24.592226342535366,
    "ReverseDiffCompiled": 2.666890430372194,
    "Zygote": "error"
  },
  "assume_lkjcholu": {
    "EnzymeForward": 8.198623774298985,
    "EnzymeReverse": 12.519959566885966,
    "FiniteDifferences": 149.14144343968604,
    "ForwardDiff": 1.960394477317554,
    "Mooncake": 6.39049802042092,
    "ReverseDiff": 50.5301669247978,
    "ReverseDiffCompiled": 6.330538922155689,
    "Zygote": "error"
  },
  "demo_dot_assume_observe_submodel": {
    "EnzymeForward": 3.1999170486419923,
    "EnzymeReverse": 5.47294129902599,
    "FiniteDifferences": 59.82186927090679,
    "ForwardDiff": 1.1823358361885323,
    "Mooncake": 6.221041276129169,
    "ReverseDiff": 20.474473200395984,
    "ReverseDiffCompiled": 2.0694556439832184,
    "Zygote": "error"
  },
  "dot_assume": {
    "EnzymeForward": 2.869039933263211,
    "EnzymeReverse": 2.243534392588534,
    "FiniteDifferences": 77.70140132213194,
    "ForwardDiff": 1.3238142439148504,
    "Mooncake": 5.364650911147727,
    "ReverseDiff": 21.875168043019013,
    "ReverseDiffCompiled": 2.275594275196636,
    "Zygote": "error"
  },
  "dot_observe": {
    "EnzymeForward": 2.761589058076737,
    "EnzymeReverse": 2.3632129122755403,
    "FiniteDifferences": 28.59689472786214,
    "ForwardDiff": 1.7436536083224212,
    "Mooncake": 10.001523229246,
    "ReverseDiff": 58.87828057478129,
    "ReverseDiffCompiled": 5.810042086114665,
    "Zygote": "error"
  },
  "dynamic_constraint": {
    "EnzymeForward": 2.344620811287478,
    "EnzymeReverse": 2.443721194983566,
    "FiniteDifferences": 36.43122468928921,
    "ForwardDiff": 1.3318006816618897,
    "Mooncake": 7.644547147685727,
    "ReverseDiff": 33.249359285170044,
    "ReverseDiffCompiled": 2.7277239544245067,
    "Zygote": 1188.8522184536582
  },
  "multiple_constraints_same_var": {
    "EnzymeForward": 4.939158862591521,
    "EnzymeReverse": 26.20097211908459,
    "FiniteDifferences": 58.55668650723769,
    "ForwardDiff": 1.230288553047318,
    "Mooncake": 13.158735696343845,
    "ReverseDiff": 19.586836399244596,
    "ReverseDiffCompiled": 2.1605375334152157,
    "Zygote": "error"
  },
  "multithreaded": {
    "EnzymeForward": 3.2562137382708976,
    "EnzymeReverse": 11.742653917910447,
    "FiniteDifferences": 16.086102471762974,
    "ForwardDiff": 1.0686309034706734,
    "Mooncake": "error",
    "ReverseDiff": 4.664845389396999,
    "ReverseDiffCompiled": 0.40381983465556953,
    "Zygote": "error"
  },
  "n010": {
    "EnzymeForward": 4.103008070432869,
    "EnzymeReverse": 2.0709425182800962,
    "FiniteDifferences": 138.9637673538073,
    "ForwardDiff": 1.6828918107477753,
    "Mooncake": 5.882132316773241,
    "ReverseDiff": 24.38227276267622,
    "ReverseDiffCompiled": 2.3640189309095847,
    "Zygote": "error"
  },
  "n050": {
    "EnzymeForward": 17.885017954007182,
    "EnzymeReverse": 2.30799644960865,
    "FiniteDifferences": 626.8666370931968,
    "ForwardDiff": 8.322128518826464,
    "Mooncake": 3.9161493187132144,
    "ReverseDiff": 25.245436908579798,
    "ReverseDiffCompiled": 2.475746971736205,
    "Zygote": "error"
  },
  "n100": {
    "EnzymeForward": 37.4224815527751,
    "EnzymeReverse": 2.5328661862483575,
    "FiniteDifferences": 1226.0625867118854,
    "ForwardDiff": 13.759754248783212,
    "Mooncake": 4.007514804982643,
    "ReverseDiff": 25.626076852185758,
    "ReverseDiffCompiled": 1.839585874512837,
    "Zygote": "error"
  },
  "n500": {
    "EnzymeForward": 186.37454876884763,
    "EnzymeReverse": 2.339754612631873,
    "FiniteDifferences": 6639.333047177403,
    "ForwardDiff": 61.369989089775565,
    "Mooncake": 4.020150066561781,
    "ReverseDiff": 25.714880468618222,
    "ReverseDiffCompiled": 2.3954559523634056,
    "Zygote": "error"
  },
  "assume_mvnormal": {
    "EnzymeForward": "error",
    "EnzymeReverse": 5.144625015747498,