{
  "assume_beta": {
    "__category__": "Distributions",
    "EnzymeForward": 2.637917642964853,
    "EnzymeReverse": 4.105192076830733,
    "FiniteDifferences": 24.482193420076854,
    "ForwardDiff": 1.6666666666666667,
    "Mooncake": 6.737290141067273,
    "ReverseDiff": 28.027265917602996,
    "ReverseDiffCompiled": 2.602958365170911,
    "Zygote": 1016.5979551224866
  },
  "assume_dirichlet": {
    "__category__": "Distributions",
    "EnzymeForward": 2.6385518843572537,
    "EnzymeReverse": 3.0351136129608016,
    "FiniteDifferences": 23.748307447232175,
    "ForwardDiff": 1.322735721234019,
    "Mooncake": 7.9947321305605294,
    "ReverseDiff": 26.63647928485474,
    "ReverseDiffCompiled": 2.879541997633936,
    "Zygote": "error"
  },
  "demo_assume_dot_observe": {
    "__category__": "DynamicPPL demo models",
    "EnzymeForward": 2.7176646706586824,
    "EnzymeReverse": 2.800769600769601,
    "FiniteDifferences": 37.8963171984661,
    "ForwardDiff": 1.264114760046089,
    "Mooncake": 9.180571741962021,
    "ReverseDiff": 32.970776509880324,
    "ReverseDiffCompiled": 3.336281906482945,
    "Zygote": "error"
  },
  "demo_assume_dot_observe_literal": {
    "__category__": "DynamicPPL demo models",
    "EnzymeForward": 0.619514472455649,
    "EnzymeReverse": 2.607891713341951,
    "FiniteDifferences": 38.45627246277598,
    "ForwardDiff": 1.2815369029115828,
    "Mooncake": 8.149762432689261,
    "ReverseDiff": 29.828528309741884,
    "ReverseDiffCompiled": 2.869845729409166,
    "Zygote": 3055.0479233226843
  },
  "demo_assume_index_observe": {
    "__category__": "DynamicPPL demo models",
    "EnzymeForward": 3.286677760563111,
    "EnzymeReverse": 3.8078575118699107,
    "FiniteDifferences": 61.51272979411869,
    "ForwardDiff": 1.3032897912158061,
    "Mooncake": 6.221386735572782,
    "ReverseDiff": 23.79845758354756,
    "ReverseDiffCompiled": 2.36768968456948,
    "Zygote": "error"
  },
  "demo_assume_matrix_observe_matrix_index": {
    "__category__": "DynamicPPL demo models",
    "EnzymeForward": 3.70807647288334,
    "EnzymeReverse": 6.962442469170502,
    "FiniteDifferences": 64.81480168716548,
    "ForwardDiff": 1.436766623207301,
    "Mooncake": 8.772905056066609,
    "ReverseDiff": 41.697226528854436,
    "ReverseDiffCompiled": 2.7047150238394475,
    "Zygote": "error"
  },
  "demo_assume_multivariate_observe": {
    "__category__": "DynamicPPL demo models",
    "EnzymeForward": 3.4403659074551323,
    "EnzymeReverse": 7.365631280188978,
    "FiniteDifferences": 67.69555500372485,
    "ForwardDiff": 1.4416943750248536,
    "Mooncake": 8.538986405541955,
    "ReverseDiff": 47.4419379468314,
    "ReverseDiffCompiled": 3.030680644984314,
    "Zygote": 2153.4313708352274
  },
  "demo_assume_multivariate_observe_literal": {
    "__category__": "DynamicPPL demo models",
    "EnzymeForward": 3.526222438617236,
    "EnzymeReverse": 6.8197344469429275,
    "FiniteDifferences": 68.10876481487956,
    "ForwardDiff": 1.4602446229027064,
    "Mooncake": 8.479724492671929,
    "ReverseDiff": 45.981153805884205,
    "ReverseDiffCompiled": 2.8800247371675947,
    "Zygote": 1865.5334648347166
  },
  "demo_assume_observe_literal": {
    "__category__": "DynamicPPL demo models",
    "EnzymeForward": 2.8212867517414435,
    "EnzymeReverse": 2.8249359521776256,
    "FiniteDifferences": 40.42577974248325,
    "ForwardDiff": 1.3253290303832126,
    "Mooncake": 8.687171561051004,
    "ReverseDiff": 32.75207071761676,
    "ReverseDiffCompiled": 3.5627651277368795,
    "Zygote": 1857.0275871726649
  },
  "demo_assume_submodel_observe_index_literal": {
    "__category__": "DynamicPPL demo models",
    "EnzymeForward": 3.0526408546174286,
    "EnzymeReverse": 5.1465717885998075,
    "FiniteDifferences": 62.99128678807824,
    "ForwardDiff": 1.2315698046505958,
    "Mooncake": 6.136514921785437,
    "ReverseDiff": 26.992030360531313,
    "ReverseDiffCompiled": 2.1294081734655887,
    "Zygote": "error"
  },
  "demo_dot_assume_observe": {
    "__category__": "DynamicPPL demo models",
    "EnzymeForward": 3.6129588655139173,
    "EnzymeReverse": 5.898211829436039,
    "FiniteDifferences": 63.01963509372104,
    "ForwardDiff": 1.2777060131038416,
    "Mooncake": 7.236518546739169,
    "ReverseDiff": 37.36697709539391,
    "ReverseDiffCompiled": 2.55987336741563,
    "Zygote": "error"
  },
  "demo_dot_assume_observe_index": {
    "__category__": "DynamicPPL demo models",
    "EnzymeForward": 3.5404409869670546,
    "EnzymeReverse": 5.40961926637433,
    "FiniteDifferences": 62.68275538894095,
    "ForwardDiff": 1.3192973780456394,
    "Mooncake": 6.6005830903790095,
    "ReverseDiff": 31.962305986696236,
    "ReverseDiffCompiled": 2.763611735964976,
    "Zygote": "error"
  },
  "assume_lkjcholu": {
    "__category__": "Distributions",
    "EnzymeForward": 4.485648080810107,
    "EnzymeReverse": 14.175488926984572,
    "FiniteDifferences": 149.9773701354363,
    "ForwardDiff": 2.589426979431795,
    "Mooncake": 5.4521518987341775,
    "ReverseDiff": 51.93078992418685,
    "ReverseDiffCompiled": 6.593847541097316,
    "Zygote": "error"
  },
  "demo_dot_assume_observe_index_literal": {
    "__category__": "DynamicPPL demo models",
    "EnzymeForward": 3.7017616771720805,
    "EnzymeReverse": 4.620809791417362,
    "FiniteDifferences": 64.28183002852816,
    "ForwardDiff": 1.294294518928551,
    "Mooncake": 7.3439763399324,
    "ReverseDiff": 34.68390804597701,
    "ReverseDiffCompiled": 2.8173291700288856,
    "Zygote": "error"
  },
  "demo_dot_assume_observe_matrix_index": {
    "__category__": "DynamicPPL demo models",
    "EnzymeForward": 3.6764187211229853,
    "EnzymeReverse": 6.989040049975706,
    "FiniteDifferences": 61.918568356800996,
    "ForwardDiff": 1.2957169459962756,
    "Mooncake": 7.323920092040581,
    "ReverseDiff": 35.94888108819658,
    "ReverseDiffCompiled": 2.521062335795662,
    "Zygote": "error"
  },
  "demo_dot_assume_observe_submodel": {
    "__category__": "DynamicPPL demo models",
    "EnzymeForward": 3.1669477234401353,
    "EnzymeReverse": 6.306819388875119,
    "FiniteDifferences": 59.68170452177537,
    "ForwardDiff": 1.2375193407937821,
    "Mooncake": 6.204806019948177,
    "ReverseDiff": 29.417773797993455,
    "ReverseDiffCompiled": 1.9009403458811664,
    "Zygote": "error"
  },
  "dot_assume": {
    "__category__": "Core Turing syntax",
    "EnzymeForward": 2.960149481909292,
    "EnzymeReverse": 2.011053349144963,
    "FiniteDifferences": 77.93981077635375,
    "ForwardDiff": 1.3963278278456563,
    "Mooncake": 5.204892280071814,
    "ReverseDiff": 21.90540909711788,
    "ReverseDiffCompiled": 2.2093228700580525,
    "Zygote": "error"
  },
  "dot_observe": {
    "__category__": "Core Turing syntax",
    "EnzymeForward": 2.757898431193626,
    "EnzymeReverse": 2.531378143711607,
    "FiniteDifferences": 29.56034925526451,
    "ForwardDiff": 1.6367261171025735,
    "Mooncake": 10.034077355597205,
    "ReverseDiff": 53.200306382978724,
    "ReverseDiffCompiled": 5.5699212307342325,
    "Zygote": "error"
  },
  "dynamic_constraint": {
    "__category__": "Core Turing syntax",
    "EnzymeForward": 2.5289226935589504,
    "EnzymeReverse": 2.4713111912356123,
    "FiniteDifferences": 34.83317545521524,
    "ForwardDiff": 1.2945539821316645,
    "Mooncake": 7.403580996869449,
    "ReverseDiff": 32.046235637111984,
    "ReverseDiffCompiled": 2.5852312178864048,
    "Zygote": 1921.7768238863605
  },
  "metabayesian_MH": {
    "__category__": "Miscellaneous features",
    "EnzymeForward": "error",
    "EnzymeReverse": "error",
    "FiniteDifferences": "error",
    "ForwardDiff": "error",
    "Mooncake": "error",
    "ReverseDiff": "error",
    "ReverseDiffCompiled": "error",
    "Zygote": "error"
  },
  "multiple_constraints_same_var": {
    "__category__": "Core Turing syntax",
    "EnzymeForward": 2.9374634929906542,
    "EnzymeReverse": 9.396044142016008,
    "FiniteDifferences": 60.29989789810935,