{
  "assume_beta": {
    "EnzymeForward": 2.5226219998030452,
    "EnzymeReverse": 4.101406759306913,
    "FiniteDifferences": 25.12102565890392,
    "ForwardDiff": 1.6609556622985118,
    "Mooncake": 6.909972131346177,
    "ReverseDiff": 28.20106443159122,
    "ReverseDiffCompiled": 2.524798952003202,
    "Zygote": 894.1052057037593
  },
  "assume_dirichlet": {
    "EnzymeForward": 2.526941952953122,
    "EnzymeReverse": 3.0990066940185703,
    "FiniteDifferences": 23.862547826487805,
    "ForwardDiff": 1.2809633885505052,
    "Mooncake": 8.22795991166978,
    "ReverseDiff": 12.016378444316876,
    "ReverseDiffCompiled": 2.251524132091448,
    "Zygote": 483.1940886699507
  },
  "demo_assume_dot_observe_literal": {
    "EnzymeForward": 2.6198769795419015,
    "EnzymeReverse": 2.7079103076352045,
    "FiniteDifferences": 38.03602589361103,
    "ForwardDiff": 1.3061172231519842,
    "Mooncake": 8.137485372065807,
    "ReverseDiff": 30.184354600968625,
    "ReverseDiffCompiled": 3.0683184941142296,
    "Zygote": 1489.9098565190268
  },
  "demo_assume_index_observe": {
    "EnzymeForward": 3.33088110222827,
    "EnzymeReverse": 4.12357297678692,
    "FiniteDifferences": 62.52839925192215,
    "ForwardDiff": 1.3146914183357759,
    "Mooncake": 6.395713404605263,
    "ReverseDiff": 22.58441292086823,
    "ReverseDiffCompiled": 2.347482883608538,
    "Zygote": "error"
  },
  "demo_assume_matrix_observe_matrix_index": {
    "EnzymeForward": 3.62010049289982,
    "EnzymeReverse": 6.747634478289047,
    "FiniteDifferences": 64.69071476285906,
    "ForwardDiff": 1.420893797513462,
    "Mooncake": 8.688350799011246,
    "ReverseDiff": 28.717783368174892,
    "ReverseDiffCompiled": 2.8018743754113147,
    "Zygote": "error"
  },
  "demo_assume_multivariate_observe": {
    "EnzymeForward": 3.6227027396324383,
    "EnzymeReverse": 8.156060606060606,
    "FiniteDifferences": 66.35609387867142,
    "ForwardDiff": 1.4664520902700702,
    "Mooncake": 8.91745093237239,
    "ReverseDiff": 29.575653316839343,
    "ReverseDiffCompiled": 3.021785414417656,
    "Zygote": 1360.7813365236711
  },
  "demo_assume_multivariate_observe_literal": {
    "EnzymeForward": 3.541912632821724,
    "EnzymeReverse": 6.779582686670117,
    "FiniteDifferences": 66.25168530414783,
    "ForwardDiff": 0.187408578770508,
    "Mooncake": 8.485882938624563,
    "ReverseDiff": 28.595375722543356,
    "ReverseDiffCompiled": 2.871132088568057,
    "Zygote": 1278.9213576589218
  },
  "demo_assume_observe_literal": {
    "EnzymeForward": 2.797087214225233,
    "EnzymeReverse": 2.9866540749339263,
    "FiniteDifferences": 40.981474374629315,
    "ForwardDiff": 1.350805945091989,
    "Mooncake": 8.480880609652836,
    "ReverseDiff": 32.63633210792814,
    "ReverseDiffCompiled": 3.430292777240713,
    "Zygote": 1493.636702954899
  },
  "demo_assume_submodel_observe_index_literal": {
    "EnzymeForward": 3.064015042204747,
    "EnzymeReverse": 4.265666372462489,
    "FiniteDifferences": 60.41538137230791,
    "ForwardDiff": 1.2847542316021447,
    "Mooncake": 5.689161661925333,
    "ReverseDiff": 22.353118535918384,
    "ReverseDiffCompiled": 2.2382784198723478,
    "Zygote": "error"
  },
  "demo_dot_assume_observe": {
    "EnzymeForward": 3.713973875999014,
    "EnzymeReverse": 6.186043635114241,
    "FiniteDifferences": 61.59690594703341,
    "ForwardDiff": 1.330918262065803,
    "Mooncake": 7.436429500932016,
    "ReverseDiff": 24.73061774461028,
    "ReverseDiffCompiled": 2.6033388403398763,
    "Zygote": "error"
  },
  "demo_dot_assume_observe_index": {
    "EnzymeForward": 3.507024443439019,
    "EnzymeReverse": 5.486968985392333,
    "FiniteDifferences": 64.54364638967886,
    "ForwardDiff": 1.2829571451110324,
    "Mooncake": 6.918993879112471,
    "ReverseDiff": 24.573220747889025,
    "ReverseDiffCompiled": 2.7117010884733466,
    "Zygote": "error"
  },
  "demo_dot_assume_observe_index_literal": {
    "EnzymeForward": 3.601962376027953,
    "EnzymeReverse": 4.517368682149079,
    "FiniteDifferences": 62.73739602783908,
    "ForwardDiff": 1.3183108204180294,
    "Mooncake": 7.107814336075206,
    "ReverseDiff": 27.160693403040515,
    "ReverseDiffCompiled": 2.8832311652928815,
    "Zygote": "error"
  },
  "assume_lkjcholu": {
    "EnzymeForward": 4.695938004263203,
    "EnzymeReverse": 12.875907061121962,
    "FiniteDifferences": 151.28211284513807,
    "ForwardDiff": 2.484770335261727,
    "Mooncake": 6.265264154772374,
    "ReverseDiff": 45.57148308759757,
    "ReverseDiffCompiled": 6.978336912100851,
    "Zygote": "error"
  },
  "demo_dot_assume_observe_matrix_index": {
    "EnzymeForward": 3.8015187611673618,
    "EnzymeReverse": 6.081521814524519,
    "FiniteDifferences": 62.3109447563596,
    "ForwardDiff": 1.2903177721736752,
    "Mooncake": 7.580496780128795,
    "ReverseDiff": 24.979820627802688,
    "ReverseDiffCompiled": 2.5274461059766202,
    "Zygote": "error"
  },
  "demo_dot_assume_observe_submodel": {
    "EnzymeForward": 3.135001934440068,
    "EnzymeReverse": 4.22726668439245,
    "FiniteDifferences": 60.27630549413166,
    "ForwardDiff": 1.215117433834848,
    "Mooncake": 6.140641916669577,
    "ReverseDiff": 20.176823212258796,
    "ReverseDiffCompiled": 2.02621218032845,
    "Zygote": "error"
  },
  "dot_assume": {
    "EnzymeForward": 3.1302010854439186,
    "EnzymeReverse": 2.356966231692927,
    "FiniteDifferences": 54.13003663003663,
    "ForwardDiff": 1.357339264670622,
    "Mooncake": 5.27472413358289,
    "ReverseDiff": 23.055162262563957,
    "ReverseDiffCompiled": 2.147110123250986,
    "Zygote": "error"
  },
  "dot_observe": {
    "EnzymeForward": 2.6936314779933985,
    "EnzymeReverse": 2.593439529035821,
    "FiniteDifferences": 31.855668311670257,
    "ForwardDiff": 1.6983690485089065,
    "Mooncake": 9.890669029861892,
    "ReverseDiff": 54.514250159871416,
    "ReverseDiffCompiled": 5.603203252317451,
    "Zygote": "error"
  },
  "dynamic_constraint": {
    "EnzymeForward": 2.4340062596831427,
    "EnzymeReverse": 2.461236641484107,
    "FiniteDifferences": 36.96588053021174,
    "ForwardDiff": 1.3487858335652658,
    "Mooncake": 7.740332508029314,
    "ReverseDiff": 30.98666849917537,
    "ReverseDiffCompiled": 2.6830362643973937,
    "Zygote": 1117.6366953877346
  },
  "multiple_constraints_same_var": {
    "EnzymeForward": 5.0150483747476855,
    "EnzymeReverse": 26.48710112998365,
    "FiniteDifferences": 60.04546088411658,
    "ForwardDiff": 1.2677145411203814,
    "Mooncake": 11.61946187305131,
    "ReverseDiff": 19.83944049700532,
    "ReverseDiffCompiled": 2.1372908042316814,
    "Zygote": "error"
  },
  "multithreaded": {
    "EnzymeForward": 3.1365945437441205,
    "EnzymeReverse": 12.363204277651253,
    "FiniteDifferences": 15.440459804322757,
    "ForwardDiff": 1.0714272256241166,
    "Mooncake": "error",
    "ReverseDiff": "error",
    "ReverseDiffCompiled": 0.36879158783479415,
    "Zygote": "error"
  },
  "n010": {
    "EnzymeForward": 4.091467576791809,
    "EnzymeReverse": 1.8795995578321318,
    "FiniteDifferences": 143.02434377646063,
    "ForwardDiff": 1.67277302838533,
    "Mooncake": 4.474479656939651,
    "ReverseDiff": 24.05863532030326,
    "ReverseDiffCompiled": 1.6964759249311472,
    "Zygote": "error"
  },
  "n050": {
    "EnzymeForward": 18.556446832892085,
    "EnzymeReverse": 2.3597758307680166,
    "FiniteDifferences": 635.8652638316598,
    "ForwardDiff": 10.420094875184697,
    "Mooncake": 3.9220892793258337,
    "ReverseDiff": 26.233227987358482,
    "ReverseDiffCompiled": 2.4000941952195927,
    "Zygote": "error"
  },
  "n100": {
    "EnzymeForward": 40.306019665840594,
    "EnzymeReverse": 2.2267528193602764,
    "FiniteDifferences": 1229.5532381997807,
    "ForwardDiff": 17.896506705700833,
    "Mooncake": 3.99639379733141,
    "ReverseDiff": 26.885046391131457,
    "ReverseDiffCompiled": 2.441344428128569,
    "Zygote": "error"
  },
  "assume_mvnormal": {
    "EnzymeForward": "error",