{
  "assume_beta": {
    "EnzymeForward": 2.6099224499698965,
    "EnzymeReverse": 4.062464501544893,
    "FiniteDifferences": 24.336329431438127,
    "ForwardDiff": 1.6547260847947827,
    "Mooncake": 9.477762381478772,
    "ReverseDiff": 28.260903240503442,
    "ReverseDiffCompiled": 2.554925361376974,
    "Zygote": 924.7390766301762
  },
  "assume_dirichlet": {
    "EnzymeForward": 2.47029918945604,
    "EnzymeReverse": 3.196308213378493,
    "FiniteDifferences": 22.001404870216753,
    "ForwardDiff": 1.3680854671867049,
    "Mooncake": 8.36446457298734,
    "ReverseDiff": 26.777525461051475,
    "ReverseDiffCompiled": 2.781011330965669,
    "Zygote": 869.396946302968
  },
  "demo_assume_dot_observe_literal": {
    "EnzymeForward": 2.703350994277592,
    "EnzymeReverse": 2.742894037522872,
    "FiniteDifferences": 37.49229492650546,
    "ForwardDiff": 1.340771208226221,
    "Mooncake": 8.299408917321399,
    "ReverseDiff": 29.340552076409057,
    "ReverseDiffCompiled": 3.192808965971905,
    "Zygote": 1634.8078843174385
  },
  "demo_assume_index_observe": {
    "EnzymeForward": 2.9434457889378502,
    "EnzymeReverse": 5.033382342307599,
    "FiniteDifferences": 61.79249555795562,
    "ForwardDiff": 1.2853117172279434,
    "Mooncake": 7.5684689236988385,
    "ReverseDiff": 23.754109250711135,
    "ReverseDiffCompiled": 2.252139772281115,
    "Zygote": "error"
  },
  "demo_assume_matrix_observe_matrix_index": {
    "EnzymeForward": 3.696804825628417,
    "EnzymeReverse": 7.169405860106741,
    "FiniteDifferences": 63.57047303820163,
    "ForwardDiff": 1.439618155883106,
    "Mooncake": 9.2014269063681,
    "ReverseDiff": 44.82396071107423,
    "ReverseDiffCompiled": 2.7856174384647474,
    "Zygote": "error"
  },
  "demo_assume_multivariate_observe": {
    "EnzymeForward": 3.4506254990684058,
    "EnzymeReverse": 7.447218170452177,
    "FiniteDifferences": 66.95660633012542,
    "ForwardDiff": 1.4351708820115825,
    "Mooncake": 8.61026891575991,
    "ReverseDiff": 47.65835161284838,
    "ReverseDiffCompiled": 2.965941975762027,
    "Zygote": 1227.3856489721845
  },
  "demo_assume_multivariate_observe_literal": {
    "EnzymeForward": 3.5879052468849317,
    "EnzymeReverse": 6.772797327027377,
    "FiniteDifferences": 64.69891696750902,
    "ForwardDiff": 1.4390259693547225,
    "Mooncake": 8.779583405061112,
    "ReverseDiff": 45.44030322173089,
    "ReverseDiffCompiled": 3.026178506593253,
    "Zygote": 1062.0720600147922
  },
  "demo_assume_observe_literal": {
    "EnzymeForward": 3.008660617314228,
    "EnzymeReverse": 2.8745426568644215,
    "FiniteDifferences": 38.96820333401935,
    "ForwardDiff": 1.3717277844107114,
    "Mooncake": 8.638961925900631,
    "ReverseDiff": 32.04852615437042,
    "ReverseDiffCompiled": 3.6000246366100024,
    "Zygote": 1522.7987228003788
  },
  "demo_assume_submodel_observe_index_literal": {
    "EnzymeForward": 3.063748108227825,
    "EnzymeReverse": 5.272074110741814,
    "FiniteDifferences": 60.482687320389715,
    "ForwardDiff": 1.2421292896276606,
    "Mooncake": 6.278998373187329,
    "ReverseDiff": 27.68738401077108,
    "ReverseDiffCompiled": 2.2154838787702875,
    "Zygote": "error"
  },
  "demo_dot_assume_observe": {
    "EnzymeForward": 3.489818129958642,
    "EnzymeReverse": 6.248371834121904,
    "FiniteDifferences": 62.56475392815118,
    "ForwardDiff": 1.3080973850315598,
    "Mooncake": 7.311964930376483,
    "ReverseDiff": 38.28402281423724,
    "ReverseDiffCompiled": 2.5740744229356345,
    "Zygote": "error"
  },
  "demo_dot_assume_observe_index": {
    "EnzymeForward": 3.4909452591487447,
    "EnzymeReverse": 5.844324970131421,
    "FiniteDifferences": 62.46494220860605,
    "ForwardDiff": 1.2773932304284628,
    "Mooncake": 7.007843485993774,
    "ReverseDiff": 32.81563491527712,
    "ReverseDiffCompiled": 2.8067407817875365,
    "Zygote": "error"
  },
  "demo_dot_assume_observe_index_literal": {
    "EnzymeForward": 3.7242448902569913,
    "EnzymeReverse": 4.832446656369773,
    "FiniteDifferences": 63.54750560538117,
    "ForwardDiff": 1.2903000881451367,
    "Mooncake": 7.451109007303219,
    "ReverseDiff": 33.92945179321598,
    "ReverseDiffCompiled": 2.792824699902671,
    "Zygote": "error"
  },
  "assume_lkjcholu": {
    "EnzymeForward": 4.662647977340402,
    "EnzymeReverse": 12.28991801000556,
    "FiniteDifferences": 149.3677223067349,
    "ForwardDiff": 2.4871823887983586,
    "Mooncake": 6.356692242114237,
    "ReverseDiff": 56.10096724927881,
    "ReverseDiffCompiled": 6.054959394738669,
    "Zygote": "error"
  },
  "demo_dot_assume_observe_matrix_index": {
    "EnzymeForward": 4.890005160846378,
    "EnzymeReverse": 6.127345419452678,
    "FiniteDifferences": 62.28526601558368,
    "ForwardDiff": 1.2504700253307066,
    "Mooncake": 7.47305260132222,
    "ReverseDiff": 37.66948029827019,
    "ReverseDiffCompiled": 2.483850879085762,
    "Zygote": "error"
  },
  "demo_dot_assume_observe_submodel": {
    "EnzymeForward": 3.164076324171287,
    "EnzymeReverse": 5.520222356839967,
    "FiniteDifferences": 60.0047393364929,
    "ForwardDiff": 1.2314034982428765,
    "Mooncake": 6.075347125313982,
    "ReverseDiff": 30.046256638684255,
    "ReverseDiffCompiled": 2.0636682515265927,
    "Zygote": "error"
  },
  "dot_assume": {
    "EnzymeForward": 3.006876753441639,
    "EnzymeReverse": 2.2975527345114197,
    "FiniteDifferences": 79.67166212534059,
    "ForwardDiff": 1.348921942972208,
    "Mooncake": 5.428571428571429,
    "ReverseDiff": 22.54059880239521,
    "ReverseDiffCompiled": 2.2353266235692315,
    "Zygote": "error"
  },
  "dot_observe": {
    "EnzymeForward": 2.786681991553814,
    "EnzymeReverse": 2.3474758041452803,
    "FiniteDifferences": 28.51282503616413,
    "ForwardDiff": 1.6684497695031513,
    "Mooncake": 9.875335189282566,
    "ReverseDiff": 54.87711092003439,
    "ReverseDiffCompiled": 5.480713183610492,
    "Zygote": "error"
  },
  "dppl_gauss_unknown": {
    "EnzymeForward": 7.6459781529294935,
    "EnzymeReverse": 6.8171760585800705,
    "FiniteDifferences": 29.7536304456685,
    "ForwardDiff": 4.156612334061502,
    "Mooncake": 45.97884741322855,
    "ReverseDiff": 11.12561657349556,
    "ReverseDiffCompiled": 4.854005167958657,
    "Zygote": 206.3890207245689
  },
  "dppl_hier_poisson": {
    "EnzymeForward": "error",
    "EnzymeReverse": 3.0535520397083915,
    "FiniteDifferences": 165.72631198264085,
    "ForwardDiff": 2.8557543539492998,
    "Mooncake": "wrong",
    "ReverseDiff": 24.02296101411146,
    "ReverseDiffCompiled": "wrong",
    "Zygote": "error"
  },
  "dppl_high_dim_gauss": {
    "EnzymeForward": 32750.12041450777,
    "EnzymeReverse": 5.297071129707113,
    "FiniteDifferences": 182436.12053715542,
    "ForwardDiff": 22000.279546899383,
    "Mooncake": 18.833254115715334,
    "ReverseDiff": 5.633412449276472,
    "ReverseDiffCompiled": 5.200420588310723,
    "Zygote": 35.60636819377575
  },
  "dppl_hmm_semisup": {
    "EnzymeForward": "error",
    "EnzymeReverse": "error",
    "FiniteDifferences": "error",
    "ForwardDiff": 26.61743640849848,
    "Mooncake": 4.222080999373576,
    "ReverseDiff": "error",
    "ReverseDiffCompiled": "error",
    "Zygote": "error"
  },
  "dppl_lda": {
    "EnzymeForward": "error",
    "EnzymeReverse": "error",
    "FiniteDifferences": 7315.314645408607,
    "ForwardDiff": 179.15860196912095,
    "Mooncake": 9.950208454841984,
    "ReverseDiff": "error",
    "ReverseDiffCompiled": "error",
    "Zygote": 79.71306348025446
  },
  "dppl_logistic_regression": {
    "EnzymeForward": "wrong",
    "EnzymeReverse": "wrong",
    "FiniteDifferences": "wrong",
    "ForwardDiff": 33.32448167839013,
    "Mooncake": "wrong",
    "ReverseDiff": 42.48498587679487,
    "ReverseDiffCompiled": 5.237779253832445,
    "Zygote": "error"
  },
  "assume_mvnormal": {
    "EnzymeForward": "error",
    "EnzymeReverse": 6.159118345729974,
    "FiniteDifferences": 37.87313406375209,
    "ForwardDiff": 1.179286965898369,