{
  "assume_beta": {
    "EnzymeForward": 2.6136118341692587,
    "EnzymeReverse": 3.379150385046045,
    "FiniteDifferences": 24.287007695789953,
    "ForwardDiff": 1.6450573394814543,
    "Mooncake": 7.237540655981817,
    "ReverseDiff": 27.129591327294776,
    "ReverseDiffCompiled": 2.485602198980531,
    "Zygote": 985.6413156256485
  },
  "assume_dirichlet": {
    "EnzymeForward": 2.450996734338717,
    "EnzymeReverse": 3.144928171278868,
    "FiniteDifferences": 22.86668800107795,
    "ForwardDiff": 1.3232510532582056,
    "Mooncake": 8.576457913394036,
    "ReverseDiff": 25.94988606546057,
    "ReverseDiffCompiled": 2.590487555605442,
    "Zygote": 694.2308951212789
  },
  "demo_assume_dot_observe_literal": {
    "EnzymeForward": 2.6123333667435102,
    "EnzymeReverse": 2.6366418999803014,
    "FiniteDifferences": 37.05882352941176,
    "ForwardDiff": 1.3534088616149356,
    "Mooncake": 8.622234674698515,
    "ReverseDiff": 28.87811273573438,
    "ReverseDiffCompiled": 3.0477612397402916,
    "Zygote": 1753.4344751836345
  },
  "demo_assume_index_observe": {
    "EnzymeForward": 3.237735631776628,
    "EnzymeReverse": 4.085806498580407,
    "FiniteDifferences": 60.821064968687686,
    "ForwardDiff": 1.2795515366799073,
    "Mooncake": 6.471703315640725,
    "ReverseDiff": 23.81000593513249,
    "ReverseDiffCompiled": 2.3636003308747497,
    "Zygote": "error"
  },
  "demo_assume_matrix_observe_matrix_index": {
    "EnzymeForward": 3.777333931777379,
    "EnzymeReverse": 6.857346450412125,
    "FiniteDifferences": 65.4519427402863,
    "ForwardDiff": 1.3651266873601386,
    "Mooncake": 8.870337446218397,
    "ReverseDiff": 44.24180413447483,
    "ReverseDiffCompiled": 2.83649259460003,
    "Zygote": "error"
  },
  "demo_assume_multivariate_observe": {
    "EnzymeForward": 3.645630930060792,
    "EnzymeReverse": 7.406285996379793,
    "FiniteDifferences": 68.88711796432028,
    "ForwardDiff": 1.3869904467707797,
    "Mooncake": 9.063894505647749,
    "ReverseDiff": 45.17875566942493,
    "ReverseDiffCompiled": 3.132471493935653,
    "Zygote": 1556.4309939904676
  },
  "demo_assume_multivariate_observe_literal": {
    "EnzymeForward": 3.6086745458279648,
    "EnzymeReverse": 6.746191493761632,
    "FiniteDifferences": 66.49445095471151,
    "ForwardDiff": 1.3840673886883275,
    "Mooncake": 8.357305015103474,
    "ReverseDiff": 46.28877935633517,
    "ReverseDiffCompiled": 2.8731814438649472,
    "Zygote": 1282.3022065877838
  },
  "demo_assume_observe_literal": {
    "EnzymeForward": 2.7480267734306163,
    "EnzymeReverse": 2.9199981323247886,
    "FiniteDifferences": 38.88530291437713,
    "ForwardDiff": 1.3931899034389292,
    "Mooncake": 8.76277538042244,
    "ReverseDiff": 31.143566404633845,
    "ReverseDiffCompiled": 3.230118216012896,
    "Zygote": 1553.0801595037663
  },
  "demo_assume_submodel_observe_index_literal": {
    "EnzymeForward": 3.248209674642796,
    "EnzymeReverse": 4.586599448766703,
    "FiniteDifferences": 60.47308796936496,
    "ForwardDiff": 1.178494149383296,
    "Mooncake": 6.130919269091293,
    "ReverseDiff": 27.36761625471303,
    "ReverseDiffCompiled": 2.2421350893298495,
    "Zygote": "error"
  },
  "demo_dot_assume_observe": {
    "EnzymeForward": 3.8789016369082536,
    "EnzymeReverse": 6.2475109913487445,
    "FiniteDifferences": 62.81002500131127,
    "ForwardDiff": 1.317022682994712,
    "Mooncake": 7.273563280629558,
    "ReverseDiff": 36.01233975457599,
    "ReverseDiffCompiled": 2.527131066358534,
    "Zygote": "error"
  },
  "demo_dot_assume_observe_index": {
    "EnzymeForward": 3.540650406504065,
    "EnzymeReverse": 5.072108728684788,
    "FiniteDifferences": 63.194201788883866,
    "ForwardDiff": 1.3476314950589734,
    "Mooncake": 6.845261327750772,
    "ReverseDiff": 33.389727782780355,
    "ReverseDiffCompiled": 2.757773027594248,
    "Zygote": "error"
  },
  "demo_dot_assume_observe_index_literal": {
    "EnzymeForward": 3.6769404906983434,
    "EnzymeReverse": 4.8025639267841225,
    "FiniteDifferences": 63.02730532968789,
    "ForwardDiff": 1.3322484727702306,
    "Mooncake": 7.210266535044421,
    "ReverseDiff": 35.64494600169882,
    "ReverseDiffCompiled": 2.813345968015536,
    "Zygote": "error"
  },
  "assume_lkjcholu": {
    "EnzymeForward": 4.774342572850036,
    "EnzymeReverse": 13.922383297496012,
    "FiniteDifferences": 147.86767266395822,
    "ForwardDiff": 2.3850881641363717,
    "Mooncake": 6.294149752686338,
    "ReverseDiff": 49.11308011001636,
    "ReverseDiffCompiled": 6.160502346121999,
    "Zygote": "error"
  },
  "demo_dot_assume_observe_matrix_index": {
    "EnzymeForward": 4.381247140393482,
    "EnzymeReverse": 6.994168071950535,
    "FiniteDifferences": 62.10899908816722,
    "ForwardDiff": 1.2900182518758874,
    "Mooncake": 7.427881559432163,
    "ReverseDiff": 36.78522678799943,
    "ReverseDiffCompiled": 2.5006105006105006,
    "Zygote": "error"
  },
  "demo_dot_assume_observe_submodel": {
    "EnzymeForward": 3.669033363315303,
    "EnzymeReverse": 5.552537942052139,
    "FiniteDifferences": 60.17157282218038,
    "ForwardDiff": 1.2147985017687453,
    "Mooncake": 5.791771620486986,
    "ReverseDiff": 29.81866197183098,
    "ReverseDiffCompiled": 2.4938990377911034,
    "Zygote": "error"
  },
  "dot_assume": {
    "EnzymeForward": 2.8121623917105487,
    "EnzymeReverse": 2.2630553436933933,
    "FiniteDifferences": 78.67287507717637,
    "ForwardDiff": 1.446950868754635,
    "Mooncake": 5.300149089575951,
    "ReverseDiff": 22.74432460195172,
    "ReverseDiffCompiled": 2.1634494574528844,
    "Zygote": "error"
  },
  "dot_observe": {
    "EnzymeForward": 2.7780318717925634,
    "EnzymeReverse": 2.6637570467357707,
    "FiniteDifferences": 29.7245606551783,
    "ForwardDiff": 1.610313801308745,
    "Mooncake": 9.545061807777012,
    "ReverseDiff": 55.26196266483987,
    "ReverseDiffCompiled": 5.436148502994012,
    "Zygote": "error"
  },
  "dppl_gauss_unknown": {
    "EnzymeForward": 6.55918308643751,
    "EnzymeReverse": 6.930469715698393,
    "FiniteDifferences": 27.54882571075402,
    "ForwardDiff": 3.9921160517187007,
    "Mooncake": 39.938327486703635,
    "ReverseDiff": 11.482276119402986,
    "ReverseDiffCompiled": 4.233744627755442,
    "Zygote": 107.2524895477005
  },
  "dppl_hier_poisson": {
    "EnzymeForward": "error",
    "EnzymeReverse": 3.156302785088581,
    "FiniteDifferences": "wrong",
    "ForwardDiff": 2.950033415890239,
    "Mooncake": 4.012790197764402,
    "ReverseDiff": 24.131245560028415,
    "ReverseDiffCompiled": 2.0716718205660154,
    "Zygote": "error"
  },
  "dppl_high_dim_gauss": {
    "EnzymeForward": 33150.0070974359,
    "EnzymeReverse": 5.698950201884253,
    "FiniteDifferences": 137772.65167910449,
    "ForwardDiff": 20620.285449347037,
    "Mooncake": 17.69862957407902,
    "ReverseDiff": 5.959449633648413,
    "ReverseDiffCompiled": 2.7289068231841527,
    "Zygote": 31.49890790877229
  },
  "dppl_hmm_semisup": {
    "EnzymeForward": "error",
    "EnzymeReverse": "error",
    "FiniteDifferences": "error",
    "ForwardDiff": 29.3646031683564,
    "Mooncake": 4.154741059504378,
    "ReverseDiff": "error",
    "ReverseDiffCompiled": "error",
    "Zygote": "error"
  },
  "dppl_lda": {
    "EnzymeForward": "error",
    "EnzymeReverse": "error",
    "FiniteDifferences": 7312.2652757743845,
    "ForwardDiff": 160.2858521918025,
    "Mooncake": 8.97374743786396,
    "ReverseDiff": "error",
    "ReverseDiffCompiled": "error",
    "Zygote": 91.82919211007169
  },
  "dppl_logistic_regression": {
    "EnzymeForward": "wrong",
    "EnzymeReverse": "wrong",
    "FiniteDifferences": "wrong",
    "ForwardDiff": 40.60054028018231,
    "Mooncake": "wrong",
    "ReverseDiff": 42.36648597844856,
    "ReverseDiffCompiled": 6.660098407619615,
    "Zygote": "error"
  },
  "assume_mvnormal": {
    "EnzymeForward": "error",
    "EnzymeReverse": 5.279242161372247,
    "FiniteDifferences": 37.844736393106984,
    "ForwardDiff": 1.1572877882152006,