{
  "assume_beta": {
    "__category__": "Distributions",
    "EnzymeForward": 2.6341318204104507,
    "EnzymeReverse": 4.23187052508562,
    "FiniteDifferences": 24.251372081131752,
    "ForwardDiff": 1.6551813876021446,
    "Mooncake": 7.147004149982556,
    "ReverseDiff": 28.415533580552125,
    "ReverseDiffCompiled": 2.712266789910243,
    "Zygote": 921.8972464511716
  },
  "control_flow": {
    "__category__": "Base Julia features",
    "EnzymeForward": 2.649510812970721,
    "EnzymeReverse": 3.523212947503737,
    "FiniteDifferences": 40.809571013501966,
    "ForwardDiff": 1.5959261779214153,
    "Mooncake": 9.762508206179003,
    "ReverseDiff": 19.770870719977033,
    "ReverseDiffCompiled": "wrong",
    "Zygote": 1049.0712942383313
  },
  "dot_assume": {
    "__category__": "Core Turing syntax",
    "EnzymeForward": 2.9190442584937997,
    "EnzymeReverse": 2.053736122228796,
    "FiniteDifferences": 76.96770533446231,
    "ForwardDiff": 1.3528361712496009,
    "Mooncake": 5.456591816093787,
    "ReverseDiff": 21.044022196065242,
    "ReverseDiffCompiled": 2.202672977704072,
    "Zygote": "error"
  }
}