{
  "assume_beta": {
    "EnzymeForward": 2.529940734335215,
    "EnzymeReverse": 4.313590052004105,
    "FiniteDifferences": 23.442773691042838,
    "ForwardDiff": 1.2112932604735884,
    "Mooncake": 7.041771034991374,
    "ReverseDiff": 28.48676807668264,
    "ReverseDiffCompiled": 2.5371539591636334,
    "Zygote": 870.5183991860267
  },
  "assume_dirichlet": {
    "EnzymeForward": 2.4644982498591097,
    "EnzymeReverse": 3.0950682477919833,
    "FiniteDifferences": 4.7762198541783505,
    "ForwardDiff": 1.3740433556397378,
    "Mooncake": 8.530720279326463,
    "ReverseDiff": 11.363998533545155,
    "ReverseDiffCompiled": 2.278803662709352,
    "Zygote": 492.03843416370097
  },
  "demo_assume_dot_observe_literal": {
    "EnzymeForward": 2.790184757880525,
    "EnzymeReverse": 2.8183490323685563,
    "FiniteDifferences": 37.64919327617634,
    "ForwardDiff": 1.3544166012168273,
    "Mooncake": 8.671307090934029,
    "ReverseDiff": 30.126145922746783,
    "ReverseDiffCompiled": 3.166999909867984,
    "Zygote": 1625.6451421096444
  },
  "demo_assume_index_observe": {
    "EnzymeForward": 3.0345819110003993,
    "EnzymeReverse": 4.055800991639607,
    "FiniteDifferences": 61.29215611315771,
    "ForwardDiff": 1.2980474813326144,
    "Mooncake": 6.521895929933024,
    "ReverseDiff": 23.62847210616038,
    "ReverseDiffCompiled": 2.266700457789256,
    "Zygote": "error"
  },
  "demo_assume_matrix_observe_matrix_index": {
    "EnzymeForward": 3.514810611257312,
    "EnzymeReverse": 5.735229388860674,
    "FiniteDifferences": 65.58050416142746,
    "ForwardDiff": 1.3866057557150255,
    "Mooncake": 8.951296289746402,
    "ReverseDiff": 28.945739781232014,
    "ReverseDiffCompiled": 2.8790796474231715,
    "Zygote": "error"
  },
  "demo_assume_multivariate_observe": {
    "EnzymeForward": 3.446318189495018,
    "EnzymeReverse": 8.465391823419171,
    "FiniteDifferences": 69.51379962192816,
    "ForwardDiff": 1.4812118312961362,
    "Mooncake": 9.06480607141608,
    "ReverseDiff": 29.589605060694137,
    "ReverseDiffCompiled": 3.0128446383606624,
    "Zygote": 1405.9079131772346
  },
  "demo_assume_multivariate_observe_literal": {
    "EnzymeForward": 3.6482635973582083,
    "EnzymeReverse": 6.68590291631044,
    "FiniteDifferences": 66.70202920408582,
    "ForwardDiff": 1.46955783180936,
    "Mooncake": 8.520631365274909,
    "ReverseDiff": 28.487501735870023,
    "ReverseDiffCompiled": 2.943790261134585,
    "Zygote": 1229.7806309611153
  },
  "demo_assume_observe_literal": {
    "EnzymeForward": 2.7471634563148997,
    "EnzymeReverse": 2.8576235758912167,
    "FiniteDifferences": 38.916830272599334,
    "ForwardDiff": 1.3912694012863502,
    "Mooncake": 8.797366631637509,
    "ReverseDiff": 31.346712852194404,
    "ReverseDiffCompiled": 3.452664449415506,
    "Zygote": 1491.6422970968426
  },
  "demo_assume_submodel_observe_index_literal": {
    "EnzymeForward": 3.0604075691411934,
    "EnzymeReverse": 4.5015456481417875,
    "FiniteDifferences": 59.534091697301804,
    "ForwardDiff": 1.2776175840174708,
    "Mooncake": 5.806482031222715,
    "ReverseDiff": 21.11843043995244,
    "ReverseDiffCompiled": 2.1797345278404814,
    "Zygote": "error"
  },
  "demo_dot_assume_observe": {
    "EnzymeForward": 3.668385499302851,
    "EnzymeReverse": 6.309283429412067,
    "FiniteDifferences": 63.18478371501272,
    "ForwardDiff": 1.3005833645015168,
    "Mooncake": 7.4543359061223065,
    "ReverseDiff": 25.622867712543673,
    "ReverseDiffCompiled": 2.5666791163941256,
    "Zygote": "error"
  },
  "demo_dot_assume_observe_index": {
    "EnzymeForward": 3.581813301590636,
    "EnzymeReverse": 4.896604464391166,
    "FiniteDifferences": 63.96797128459999,
    "ForwardDiff": 1.3302182806240392,
    "Mooncake": 6.857471402976846,
    "ReverseDiff": 26.65870646766169,
    "ReverseDiffCompiled": 2.6665716085029527,
    "Zygote": "error"
  },
  "demo_dot_assume_observe_index_literal": {
    "EnzymeForward": 3.4035979228486646,
    "EnzymeReverse": 4.970032965457933,
    "FiniteDifferences": 63.23638778220452,
    "ForwardDiff": 1.3392543414349911,
    "Mooncake": 6.774944301628106,
    "ReverseDiff": 26.31518965810512,
    "ReverseDiffCompiled": 2.825714269414208,
    "Zygote": "error"
  },
  "assume_lkjcholu": {
    "EnzymeForward": 4.435519351068948,
    "EnzymeReverse": 12.439865621500559,
    "FiniteDifferences": 150.93275178981023,
    "ForwardDiff": 2.5204464638482813,
    "Mooncake": 6.329423197056985,
    "ReverseDiff": 53.37187326292385,
    "ReverseDiffCompiled": 6.510558319513543,
    "Zygote": "error"
  },
  "demo_dot_assume_observe_matrix_index": {
    "EnzymeForward": 3.6110469928537285,
    "EnzymeReverse": 6.023782586883941,
    "FiniteDifferences": 61.62065960117139,
    "ForwardDiff": 1.2959340772532189,
    "Mooncake": 7.150262578349992,
    "ReverseDiff": 24.526508226691043,
    "ReverseDiffCompiled": 2.6345495002295767,
    "Zygote": "error"
  },
  "demo_dot_assume_observe_submodel": {
    "EnzymeForward": 3.2878088058328028,
    "EnzymeReverse": 4.155575697723183,
    "FiniteDifferences": 60.41304347826086,
    "ForwardDiff": 1.2355097613882864,
    "Mooncake": 5.976208337798735,
    "ReverseDiff": 19.530336097773898,
    "ReverseDiffCompiled": 1.8990223822999743,
    "Zygote": "error"
  },
  "dot_assume": {
    "EnzymeForward": 2.905703627769235,
    "EnzymeReverse": 2.260325691411936,
    "FiniteDifferences": 80.7515784095471,
    "ForwardDiff": 1.217774774815491,
    "Mooncake": 5.00567044208988,
    "ReverseDiff": 22.62678723767275,
    "ReverseDiffCompiled": 2.2100672297879673,
    "Zygote": "error"
  },
  "dot_observe": {
    "EnzymeForward": 2.843197326277677,
    "EnzymeReverse": 2.423122065727699,
    "FiniteDifferences": 29.469575200918488,
    "ForwardDiff": 1.6507340589620136,
    "Mooncake": 9.9907800777366,
    "ReverseDiff": 57.1343990526939,
    "ReverseDiffCompiled": 5.468608117006897,
    "Zygote": "error"
  },
  "dynamic_constraint": {
    "EnzymeForward": 2.4401206950369363,
    "EnzymeReverse": 2.464873808859296,
    "FiniteDifferences": 37.45316272332206,
    "ForwardDiff": 1.3121321539080464,
    "Mooncake": 7.429976501368733,
    "ReverseDiff": 32.05507531445728,
    "ReverseDiffCompiled": 2.4047256281893152,
    "Zygote": 1141.5897304985233
  },
  "multiple_constraints_same_var": {
    "EnzymeForward": 4.956404980295051,
    "EnzymeReverse": 27.288492367742386,
    "FiniteDifferences": 59.48362345783336,
    "ForwardDiff": 1.234079480218949,
    "Mooncake": 11.753454231433507,
    "ReverseDiff": 18.197483059051308,
    "ReverseDiffCompiled": 2.182480102874222,
    "Zygote": "error"
  },
  "multithreaded": {
    "EnzymeForward": 3.1622748815165878,
    "EnzymeReverse": 11.23716182647577,
    "FiniteDifferences": 20.612037849965855,
    "ForwardDiff": 1.0696374769170958,
    "Mooncake": "error",
    "ReverseDiff": "wrong",
    "ReverseDiffCompiled": "wrong",
    "Zygote": "error"
  },
  "n010": {
    "EnzymeForward": 4.153273302506692,
    "EnzymeReverse": 2.047398001665279,
    "FiniteDifferences": 139.72862126131108,
    "ForwardDiff": 1.637359196486636,
    "Mooncake": 4.357503346478058,
    "ReverseDiff": 24.38610763454318,
    "ReverseDiffCompiled": 2.3775110444277736,
    "Zygote": "error"
  },
  "n050": {
    "EnzymeForward": 19.271067747265718,
    "EnzymeReverse": 2.227889951588145,
    "FiniteDifferences": 627.2194022770398,
    "ForwardDiff": 10.185325082375634,
    "Mooncake": 3.887728150747033,
    "ReverseDiff": 23.62417430020802,
    "ReverseDiffCompiled": 2.385063809673862,
    "Zygote": "error"
  },
  "n100": {
    "EnzymeForward": 37.92378866271385,
    "EnzymeReverse": 2.225273207874699,
    "FiniteDifferences": 1245.5909145439275,
    "ForwardDiff": 15.158632286995514,
    "Mooncake": 3.8276942859439043,
    "ReverseDiff": 26.346566480491823,
    "ReverseDiffCompiled": 2.412466566762145,
    "Zygote": "error"
  },
  "assume_mvnormal": {
    "EnzymeForward": "error",
    "EnzymeReverse": 5.292121171495083,