{
  "assume_beta": {
    "__category__": "Distributions",
    "EnzymeForward": 2.659007381155032,
    "EnzymeReverse": 4.224349020544673,
    "FiniteDifferences": 24.067373685118124,
    "ForwardDiff": 1.6827579331168463,
    "Mooncake": 7.46950650175653,
    "ReverseDiff": 27.58227804063457,
    "ReverseDiffCompiled": 2.658356804698268,
    "Zygote": 1070.1243823479297
  },
  "assume_dirichlet": {
    "__category__": "Distributions",
    "EnzymeForward": 2.5323615731785947,
    "EnzymeReverse": 3.1249915706175813,
    "FiniteDifferences": 22.891454016098645,
    "ForwardDiff": 1.3723799852058023,
    "Mooncake": 7.89837008628955,
    "ReverseDiff": 27.04633337936749,
    "ReverseDiffCompiled": 2.8126125505328923,
    "Zygote": "error"
  },
  "demo_assume_dot_observe": {
    "__category__": "DynamicPPL demo models",
    "EnzymeForward": 2.7518384958190953,
    "EnzymeReverse": 2.9605419722751267,
    "FiniteDifferences": 38.67589030459182,
    "ForwardDiff": 1.364741495291178,
    "Mooncake": 6.285398507377657,
    "ReverseDiff": 32.5984547922322,
    "ReverseDiffCompiled": 3.323585293714375,
    "Zygote": "error"
  },
  "demo_assume_dot_observe_literal": {
    "__category__": "DynamicPPL demo models",
    "EnzymeForward": 2.709769808300621,
    "EnzymeReverse": 2.735202884851031,
    "FiniteDifferences": 37.419337663720576,
    "ForwardDiff": 1.3373495812667697,
    "Mooncake": 6.414688688347806,
    "ReverseDiff": 30.429519071310114,
    "ReverseDiffCompiled": 2.8841306226340735,
    "Zygote": 1851.626025914155
  },
  "demo_assume_index_observe": {
    "__category__": "DynamicPPL demo models",
    "EnzymeForward": 3.1602196752626552,
    "EnzymeReverse": 3.8380835810456375,
    "FiniteDifferences": 60.58413317863798,
    "ForwardDiff": 1.2450965515553487,
    "Mooncake": 5.427219997237951,
    "ReverseDiff": 23.817221770917953,
    "ReverseDiffCompiled": 2.1772508179995076,
    "Zygote": "error"
  },
  "demo_assume_matrix_observe_matrix_index": {
    "__category__": "DynamicPPL demo models",
    "EnzymeForward": 3.572373298434786,
    "EnzymeReverse": 7.19762114537445,
    "FiniteDifferences": 65.2614968440036,
    "ForwardDiff": 1.4337971297641208,
    "Mooncake": 7.552050473186119,
    "ReverseDiff": 44.80608694084345,
    "ReverseDiffCompiled": 2.7724464438050727,
    "Zygote": "error"
  },
  "demo_assume_multivariate_observe": {
    "__category__": "DynamicPPL demo models",
    "EnzymeForward": 3.562301684159141,
    "EnzymeReverse": 7.547839312534459,
    "FiniteDifferences": 64.89090909090909,
    "ForwardDiff": 1.3720966351102004,
    "Mooncake": 7.725234518204365,
    "ReverseDiff": 47.588718616394246,
    "ReverseDiffCompiled": 3.0229283659772634,
    "Zygote": 1535.1281590940478
  },
  "demo_assume_multivariate_observe_literal": {
    "__category__": "DynamicPPL demo models",
    "EnzymeForward": 3.643950684189134,
    "EnzymeReverse": 7.097973224246932,
    "FiniteDifferences": 66.90850529147347,
    "ForwardDiff": 1.4622476523590464,
    "Mooncake": 7.36207966355849,
    "ReverseDiff": 47.63137445361826,
    "ReverseDiffCompiled": 2.8928788397036973,
    "Zygote": 1226.9346868884538
  },
  "demo_assume_observe_literal": {
    "__category__": "DynamicPPL demo models",
    "EnzymeForward": 2.802845909005804,
    "EnzymeReverse": 2.9353663613655288,
    "FiniteDifferences": 38.553654530522856,
    "ForwardDiff": 1.4106485963213937,
    "Mooncake": 6.084021489454599,
    "ReverseDiff": 32.88689163981685,
    "ReverseDiffCompiled": 3.4886046203119374,
    "Zygote": 1589.8299103366605
  },
  "demo_assume_submodel_observe_index_literal": {
    "__category__": "DynamicPPL demo models",
    "EnzymeForward": 3.1131531406336856,
    "EnzymeReverse": 5.214702350317378,
    "FiniteDifferences": 61.16007532956686,
    "ForwardDiff": 1.27728264868179,
    "Mooncake": 4.972467060427078,
    "ReverseDiff": 29.232932293688034,
    "ReverseDiffCompiled": 2.1512800482903103,
    "Zygote": "error"
  },
  "demo_dot_assume_observe": {
    "__category__": "DynamicPPL demo models",
    "EnzymeForward": 4.019354569886873,
    "EnzymeReverse": 6.433175844681781,
    "FiniteDifferences": 64.02348643006262,
    "ForwardDiff": 1.2756425032192318,
    "Mooncake": 5.2373402269136875,
    "ReverseDiff": 38.25582433941198,
    "ReverseDiffCompiled": 2.4625962818082834,
    "Zygote": "error"
  },
  "demo_dot_assume_observe_index": {
    "__category__": "DynamicPPL demo models",
    "EnzymeForward": 3.4871842597116554,
    "EnzymeReverse": 5.91334181743138,
    "FiniteDifferences": 62.75132535196433,
    "ForwardDiff": 1.272829131652661,
    "Mooncake": 5.814976958525345,
    "ReverseDiff": 32.70771589167092,
    "ReverseDiffCompiled": 2.7228992775478713,
    "Zygote": "error"
  },
  "assume_lkjcholu": {
    "__category__": "Distributions",
    "EnzymeForward": 4.392823434234478,
    "EnzymeReverse": 14.2826027303286,
    "FiniteDifferences": 151.42912024587017,
    "ForwardDiff": 2.4127866452916984,
    "Mooncake": 5.755598831548199,
    "ReverseDiff": 51.78966131907308,
    "ReverseDiffCompiled": 6.386227338526229,
    "Zygote": "error"
  },
  "demo_dot_assume_observe_index_literal": {
    "__category__": "DynamicPPL demo models",
    "EnzymeForward": 3.491682344222108,
    "EnzymeReverse": 4.945379264120041,
    "FiniteDifferences": 62.12316831683169,
    "ForwardDiff": 1.2959036989423247,
    "Mooncake": 5.716895907624385,
    "ReverseDiff": 34.89267618608936,
    "ReverseDiffCompiled": 2.8144735612855007,
    "Zygote": "error"
  },
  "demo_dot_assume_observe_matrix_index": {
    "__category__": "DynamicPPL demo models",
    "EnzymeForward": 3.7157644972882773,
    "EnzymeReverse": 6.296717057147523,
    "FiniteDifferences": 61.96992689602605,
    "ForwardDiff": 1.268379023627233,
    "Mooncake": 6.115933664777665,
    "ReverseDiff": 38.8620726231305,
    "ReverseDiffCompiled": 2.3321067984170347,
    "Zygote": "error"
  },
  "demo_dot_assume_observe_submodel": {
    "__category__": "DynamicPPL demo models",
    "EnzymeForward": 3.022914218566392,
    "EnzymeReverse": 6.194625392552713,
    "FiniteDifferences": 60.45635060096998,
    "ForwardDiff": 1.1691395395614137,
    "Mooncake": 4.802217310458548,
    "ReverseDiff": 31.533094937596406,
    "ReverseDiffCompiled": 1.9486156398375378,
    "Zygote": "error"
  },
  "dot_assume": {
    "__category__": "Core Turing syntax",
    "EnzymeForward": 2.8369850541235606,
    "EnzymeReverse": 1.9435218639985177,
    "FiniteDifferences": 78.81175268267756,
    "ForwardDiff": 1.384892703862661,
    "Mooncake": 4.6095264760438175,
    "ReverseDiff": 22.950076569678405,
    "ReverseDiffCompiled": 2.2330453066332914,
    "Zygote": "error"
  },
  "dot_observe": {
    "__category__": "Core Turing syntax",
    "EnzymeForward": 2.819522582861068,
    "EnzymeReverse": 2.545080513208826,
    "FiniteDifferences": 29.25812882381247,
    "ForwardDiff": 1.6748550522432022,
    "Mooncake": 8.038379092281803,
    "ReverseDiff": 56.50887573964497,
    "ReverseDiffCompiled": 5.551101059941521,
    "Zygote": "error"
  },
  "dynamic_constraint": {
    "__category__": "Core Turing syntax",
    "EnzymeForward": 0.9745782846281776,
    "EnzymeReverse": 2.468006203687748,
    "FiniteDifferences": 37.35897391664366,
    "ForwardDiff": 1.3299130805629458,
    "Mooncake": 6.042811074856413,
    "ReverseDiff": 31.630349513203054,
    "ReverseDiffCompiled": 2.826726997879615,
    "Zygote": 1273.0714574353447
  },
  "metabayesian_MH": {
    "__category__": "Miscellaneous features",
    "EnzymeForward": "error",
    "EnzymeReverse": "error",
    "FiniteDifferences": 25.336644933484074,
    "ForwardDiff": "error",
    "Mooncake": "error",
    "ReverseDiff": "error",
    "ReverseDiffCompiled": "error",
    "Zygote": "error"
  },
  "multiple_constraints_same_var": {
    "__category__": "Core Turing syntax",
    "EnzymeForward": 3.0282067524996577,
    "EnzymeReverse": 9.541848966670223,
    "FiniteDifferences": 59.236161852898604,