{
  "assume_beta": {
    "EnzymeForward": 2.654584741923117,
    "EnzymeReverse": 3.2662346824699076,
    "FiniteDifferences": 24.770760397703402,
    "ForwardDiff": 1.6483598409542743,
    "Mooncake": 13.334437086092716,
    "ReverseDiff": 27.100489957493753,
    "ReverseDiffCompiled": 2.5045929413534997,
    "Zygote": 884.7375415282391
  },
  "assume_dirichlet": {
    "EnzymeForward": 2.5012288969630037,
    "EnzymeReverse": 3.183220603879644,
    "FiniteDifferences": 23.29142567224759,
    "ForwardDiff": 1.2986673500768835,
    "Mooncake": 8.711004401760706,
    "ReverseDiff": 11.580708410273628,
    "ReverseDiffCompiled": 2.3414084044855894,
    "Zygote": 478.5505064330687
  },
  "demo_assume_dot_observe_literal": {
    "EnzymeForward": 2.564008388596044,
    "EnzymeReverse": 2.6907541226607377,
    "FiniteDifferences": 39.4275123278354,
    "ForwardDiff": 1.4094437177772359,
    "Mooncake": 7.243069628347139,
    "ReverseDiff": 28.986128011681675,
    "ReverseDiffCompiled": 3.0697650239134955,
    "Zygote": 1659.5177896725438
  },
  "demo_assume_index_observe": {
    "EnzymeForward": 3.266701274594242,
    "EnzymeReverse": 3.4894434964948706,
    "FiniteDifferences": 61.01777552056882,
    "ForwardDiff": 1.2669637796125734,
    "Mooncake": 6.309951642081826,
    "ReverseDiff": 22.60596579057155,
    "ReverseDiffCompiled": 2.378021601234356,
    "Zygote": "error"
  },
  "demo_assume_matrix_observe_matrix_index": {
    "EnzymeForward": 3.621538370890236,
    "EnzymeReverse": 6.874373168349073,
    "FiniteDifferences": 67.50155418940388,
    "ForwardDiff": 1.4569544883758658,
    "Mooncake": 8.597163590691832,
    "ReverseDiff": 29.602309172546505,
    "ReverseDiffCompiled": 2.792597187758478,
    "Zygote": "error"
  },
  "demo_assume_multivariate_observe": {
    "EnzymeForward": 3.555300400212161,
    "EnzymeReverse": 7.072765725426697,
    "FiniteDifferences": 68.84205114142729,
    "ForwardDiff": 1.4029608462627197,
    "Mooncake": 8.570375829034635,
    "ReverseDiff": 29.3930958967266,
    "ReverseDiffCompiled": 3.0501232241229337,
    "Zygote": 1387.2241593164276
  },
  "demo_assume_multivariate_observe_literal": {
    "EnzymeForward": 3.610773118682142,
    "EnzymeReverse": 6.582617401224652,
    "FiniteDifferences": 65.73202750573036,
    "ForwardDiff": 1.4398842486119612,
    "Mooncake": 8.981635353268059,
    "ReverseDiff": 28.707361291646713,
    "ReverseDiffCompiled": 2.8358803986710965,
    "Zygote": 1239.9668946939353
  },
  "demo_assume_observe_literal": {
    "EnzymeForward": 3.3903468069017664,
    "EnzymeReverse": 2.9052801679043827,
    "FiniteDifferences": 39.03550761855846,
    "ForwardDiff": 1.4267160767472464,
    "Mooncake": 8.704999800087961,
    "ReverseDiff": 32.81667469216482,
    "ReverseDiffCompiled": 3.614710431345592,
    "Zygote": 1524.9275806788876
  },
  "demo_assume_submodel_observe_index_literal": {
    "EnzymeForward": 3.145576041703111,
    "EnzymeReverse": 3.3839993244534514,
    "FiniteDifferences": 59.375882841711665,
    "ForwardDiff": 1.2306920285954903,
    "Mooncake": 5.977960998494557,
    "ReverseDiff": 20.952781126226967,
    "ReverseDiffCompiled": 2.2123935666982026,
    "Zygote": "error"
  },
  "demo_dot_assume_observe": {
    "EnzymeForward": 3.637322154471545,
    "EnzymeReverse": 6.33220004927322,
    "FiniteDifferences": 62.64155282487815,
    "ForwardDiff": 1.2922502064409578,
    "Mooncake": 7.294215911463771,
    "ReverseDiff": 24.11928249560694,
    "ReverseDiffCompiled": 2.566751142567817,
    "Zygote": "error"
  },
  "demo_dot_assume_observe_index": {
    "EnzymeForward": 3.7159383486756252,
    "EnzymeReverse": 5.214190001717918,
    "FiniteDifferences": 62.601261291972044,
    "ForwardDiff": 1.3197770345596433,
    "Mooncake": 7.087465806270604,
    "ReverseDiff": 26.180411824956735,
    "ReverseDiffCompiled": 2.758717815794021,
    "Zygote": "error"
  },
  "demo_dot_assume_observe_index_literal": {
    "EnzymeForward": 3.5855790211817435,
    "EnzymeReverse": 4.6156351542490155,
    "FiniteDifferences": 64.08452768452086,
    "ForwardDiff": 1.3332454667974327,
    "Mooncake": 6.95098519581423,
    "ReverseDiff": 27.947456006798145,
    "ReverseDiffCompiled": 2.85421250538423,
    "Zygote": "error"
  },
  "assume_lkjcholu": {
    "EnzymeForward": 6.610054537826878,
    "EnzymeReverse": 12.45176780191049,
    "FiniteDifferences": 151.226403678606,
    "ForwardDiff": 2.3866198947632173,
    "Mooncake": 6.1463737772438645,
    "ReverseDiff": 49.53815357240624,
    "ReverseDiffCompiled": 6.275929413405874,
    "Zygote": "error"
  },
  "demo_dot_assume_observe_matrix_index": {
    "EnzymeForward": 3.796220668650931,
    "EnzymeReverse": 6.049512062652207,
    "FiniteDifferences": 62.880584513944584,
    "ForwardDiff": 1.2817956721495458,
    "Mooncake": 7.2039869869177,
    "ReverseDiff": 24.013796226940965,
    "ReverseDiffCompiled": 2.4840175045140205,
    "Zygote": "error"
  },
  "demo_dot_assume_observe_submodel": {
    "EnzymeForward": 3.3296360176043773,
    "EnzymeReverse": 5.533227766398732,
    "FiniteDifferences": 60.20982872574798,
    "ForwardDiff": 1.2097582864964325,
    "Mooncake": 6.1023076648076655,
    "ReverseDiff": 19.502166808752488,
    "ReverseDiffCompiled": 2.0297312652690187,
    "Zygote": "error"
  },
  "dot_assume": {
    "EnzymeForward": 2.8949232087535433,
    "EnzymeReverse": 2.301093224312519,
    "FiniteDifferences": 77.40520931909333,
    "ForwardDiff": 1.3728763403425708,
    "Mooncake": 5.022749861403149,
    "ReverseDiff": 22.36560179589017,
    "ReverseDiffCompiled": 2.124665954705213,
    "Zygote": "error"
  },
  "dot_observe": {
    "EnzymeForward": 2.693972188974602,
    "EnzymeReverse": 2.441346097403487,
    "FiniteDifferences": 29.524347524828702,
    "ForwardDiff": 1.6606506734256266,
    "Mooncake": 11.012385305097164,
    "ReverseDiff": 55.604577036028935,
    "ReverseDiffCompiled": 5.7426063411009,
    "Zygote": "error"
  },
  "dynamic_constraint": {
    "EnzymeForward": 2.7981277138452536,
    "EnzymeReverse": 2.4462887047104136,
    "FiniteDifferences": 37.541059489113664,
    "ForwardDiff": 1.2879960486841142,
    "Mooncake": 7.69800375362566,
    "ReverseDiff": 31.916018448406412,
    "ReverseDiffCompiled": 2.7762125571162635,
    "Zygote": 1129.1365647904854
  },
  "multiple_constraints_same_var": {
    "EnzymeForward": 4.992107530587627,
    "EnzymeReverse": 26.316966682174428,
    "FiniteDifferences": 59.66418585240315,
    "ForwardDiff": 1.2080358482879867,
    "Mooncake": 12.044463402149804,
    "ReverseDiff": 19.08025247971145,
    "ReverseDiffCompiled": 2.0833333333333335,
    "Zygote": "error"
  },
  "multithreaded": {
    "EnzymeForward": 3.1724269802571827,
    "EnzymeReverse": 15.66864124398371,
    "FiniteDifferences": 15.312262735057827,
    "ForwardDiff": 1.058584729981378,
    "Mooncake": "error",
    "ReverseDiff": 4.142655151329869,
    "ReverseDiffCompiled": "wrong",
    "Zygote": "error"
  },
  "n010": {
    "EnzymeForward": 4.374042973573721,
    "EnzymeReverse": 2.012317791974023,
    "FiniteDifferences": 139.2760228587456,
    "ForwardDiff": 1.644796396140749,
    "Mooncake": 4.715276085367128,
    "ReverseDiff": 24.14153213287799,
    "ReverseDiffCompiled": 2.361860062579056,
    "Zygote": "error"
  },
  "n050": {
    "EnzymeForward": 21.557433792159703,
    "EnzymeReverse": 2.3250089902904865,
    "FiniteDifferences": 630.6206952043773,
    "ForwardDiff": 8.868169782556366,
    "Mooncake": 4.035072266485166,
    "ReverseDiff": 25.52926465249486,
    "ReverseDiffCompiled": 2.4858420268256336,
    "Zygote": "error"
  },
  "n100": {
    "EnzymeForward": 37.138766261671286,
    "EnzymeReverse": 2.370231594052697,
    "FiniteDifferences": 1235.8315840270238,
    "ForwardDiff": 14.14634341175061,
    "Mooncake": 3.8651019345536106,
    "ReverseDiff": 26.260433648516468,
    "ReverseDiffCompiled": 2.5599294476068306,
    "Zygote": "error"
  },
  "assume_mvnormal": {
    "EnzymeForward": "error",