{
  "assume_beta": {
    "__category__": "Distributions",
    "EnzymeForward": 2.6729346727639367,
    "EnzymeReverse": 4.4227617557416075,
    "FiniteDifferences": 23.70601465326291,
    "ForwardDiff": 1.656160924243741,
    "Mooncake": 7.487604433077579,
    "ReverseDiff": 29.18662608310301,
    "ReverseDiffCompiled": 2.5985421642329327,
    "Zygote": 1143.4043278241609
  },
  "assume_dirichlet": {
    "__category__": "Distributions",
    "EnzymeForward": 2.607233832397588,
    "EnzymeReverse": 3.206469798007263,
    "FiniteDifferences": 23.39161676646707,
    "ForwardDiff": 1.3813747807049337,
    "Mooncake": 9.023435006611042,
    "ReverseDiff": 27.83466510527887,
    "ReverseDiffCompiled": 2.870110445712677,
    "Zygote": "error"
  },
  "demo_assume_dot_observe": {
    "__category__": "DynamicPPL demo models",
    "EnzymeForward": 2.761904761904762,
    "EnzymeReverse": 3.045883695393069,
    "FiniteDifferences": 39.18851870835469,
    "ForwardDiff": 1.3648163881808741,
    "Mooncake": 8.426551325846011,
    "ReverseDiff": 30.861162751394286,
    "ReverseDiffCompiled": 3.412454977127788,
    "Zygote": "error"
  },
  "demo_assume_dot_observe_literal": {
    "__category__": "DynamicPPL demo models",
    "EnzymeForward": 2.624325503432757,
    "EnzymeReverse": 2.695445219532212,
    "FiniteDifferences": 37.731210236871426,
    "ForwardDiff": 1.324104388043007,
    "Mooncake": 8.379262157629961,
    "ReverseDiff": 29.761732851985563,
    "ReverseDiffCompiled": 3.212244607285483,
    "Zygote": 2079.2024744561063
  },
  "demo_assume_index_observe": {
    "__category__": "DynamicPPL demo models",
    "EnzymeForward": 3.2682331777631086,
    "EnzymeReverse": 4.090355402694182,
    "FiniteDifferences": 60.17694369973191,
    "ForwardDiff": 1.2676951054699905,
    "Mooncake": 6.256085444610035,
    "ReverseDiff": 23.297251152467133,
    "ReverseDiffCompiled": 2.252203024589218,
    "Zygote": "error"
  },
  "demo_assume_matrix_observe_matrix_index": {
    "__category__": "DynamicPPL demo models",
    "EnzymeForward": 3.6516727530763773,
    "EnzymeReverse": 7.076719576719577,
    "FiniteDifferences": 65.66603405826837,
    "ForwardDiff": 1.4300338908758683,
    "Mooncake": 8.898523567145446,
    "ReverseDiff": 45.14299861358685,
    "ReverseDiffCompiled": 4.868015604774917,
    "Zygote": "error"
  },
  "demo_assume_multivariate_observe": {
    "__category__": "DynamicPPL demo models",
    "EnzymeForward": 3.733925194368565,
    "EnzymeReverse": 7.267666015984677,
    "FiniteDifferences": 69.6645617580197,
    "ForwardDiff": 1.4550714285714286,
    "Mooncake": 8.035744973363121,
    "ReverseDiff": 46.22904755264259,
    "ReverseDiffCompiled": 2.9790355824083794,
    "Zygote": 1547.6991130918234
  },
  "demo_assume_multivariate_observe_literal": {
    "__category__": "DynamicPPL demo models",
    "EnzymeForward": 3.602449327260717,
    "EnzymeReverse": 6.418505288225818,
    "FiniteDifferences": 66.33305796997341,
    "ForwardDiff": 1.349090685348124,
    "Mooncake": 8.422853256248938,
    "ReverseDiff": 45.23307573415766,
    "ReverseDiffCompiled": 2.8883902958773873,
    "Zygote": 1358.2331439861694
  },
  "demo_assume_observe_literal": {
    "__category__": "DynamicPPL demo models",
    "EnzymeForward": 2.6038336058838367,
    "EnzymeReverse": 2.68147428333449,
    "FiniteDifferences": 38.8719500941272,
    "ForwardDiff": 1.4902383546457176,
    "Mooncake": 8.508522979054446,
    "ReverseDiff": 30.98746706420746,
    "ReverseDiffCompiled": 3.5060147791716796,
    "Zygote": 1847.55168060058
  },
  "demo_assume_submodel_observe_index_literal": {
    "__category__": "DynamicPPL demo models",
    "EnzymeForward": 2.9827255278310942,
    "EnzymeReverse": 4.647450515987143,
    "FiniteDifferences": 60.596206103678924,
    "ForwardDiff": 1.242359229427267,
    "Mooncake": 5.9595768728146075,
    "ReverseDiff": 26.79798951983745,
    "ReverseDiffCompiled": 2.2474937404560267,
    "Zygote": "error"
  },
  "demo_dot_assume_observe": {
    "__category__": "DynamicPPL demo models",
    "EnzymeForward": 3.559168989588545,
    "EnzymeReverse": 5.970151375168786,
    "FiniteDifferences": 65.28909952606635,
    "ForwardDiff": 1.2813976796869635,
    "Mooncake": 7.118466418425045,
    "ReverseDiff": 38.28245103878359,
    "ReverseDiffCompiled": 2.4891052113002137,
    "Zygote": "error"
  },
  "demo_dot_assume_observe_index": {
    "__category__": "DynamicPPL demo models",
    "EnzymeForward": 3.481117125974418,
    "EnzymeReverse": 5.024996585165961,
    "FiniteDifferences": 61.545789131846725,
    "ForwardDiff": 1.3031266393872623,
    "Mooncake": 6.422009812214515,
    "ReverseDiff": 32.92563629656953,
    "ReverseDiffCompiled": 2.782969447667264,
    "Zygote": "error"
  },
  "assume_lkjcholu": {
    "__category__": "Distributions",
    "EnzymeForward": 4.5473368556333,
    "EnzymeReverse": 14.197671987175019,
    "FiniteDifferences": 150.53910950661853,
    "ForwardDiff": 2.357343798839996,
    "Mooncake": 6.358405260994656,
    "ReverseDiff": 51.67238403831931,
    "ReverseDiffCompiled": 6.310400055829859,
    "Zygote": "error"
  },
  "demo_dot_assume_observe_index_literal": {
    "__category__": "DynamicPPL demo models",
    "EnzymeForward": 3.6477599598357995,
    "EnzymeReverse": 5.281305484070461,
    "FiniteDifferences": 62.41984975134907,
    "ForwardDiff": 1.2750189314261673,
    "Mooncake": 7.194176279928903,
    "ReverseDiff": 33.46741022271161,
    "ReverseDiffCompiled": 2.7954699774054954,
    "Zygote": "error"
  },
  "demo_dot_assume_observe_matrix_index": {
    "__category__": "DynamicPPL demo models",
    "EnzymeForward": 3.6441146969803615,
    "EnzymeReverse": 6.433348242239914,
    "FiniteDifferences": 61.78330522765599,
    "ForwardDiff": 1.2692787288241267,
    "Mooncake": 7.535640694303776,
    "ReverseDiff": 39.04585246842709,
    "ReverseDiffCompiled": 2.511448562701731,
    "Zygote": "error"
  },
  "demo_dot_assume_observe_submodel": {
    "__category__": "DynamicPPL demo models",
    "EnzymeForward": 2.8720497691123654,
    "EnzymeReverse": 5.181674991732949,
    "FiniteDifferences": 58.58173969961258,
    "ForwardDiff": 1.232646079376922,
    "Mooncake": 6.463917648885227,
    "ReverseDiff": 29.87695887223705,
    "ReverseDiffCompiled": 1.9071105181426475,
    "Zygote": "error"
  },
  "dot_assume": {
    "__category__": "Core Turing syntax",
    "EnzymeForward": 2.9567120564318135,
    "EnzymeReverse": 1.9607150068712962,
    "FiniteDifferences": 76.9182850364345,
    "ForwardDiff": 1.354917825200272,
    "Mooncake": 5.271675700012122,
    "ReverseDiff": 22.313910545752975,
    "ReverseDiffCompiled": 2.215891905725786,
    "Zygote": "error"
  },
  "dot_observe": {
    "__category__": "Core Turing syntax",
    "EnzymeForward": 2.8192234891556485,
    "EnzymeReverse": 2.459687918731399,
    "FiniteDifferences": 29.459207539382266,
    "ForwardDiff": 1.7976129402903633,
    "Mooncake": 11.965133798585757,
    "ReverseDiff": 54.590924751929435,
    "ReverseDiffCompiled": 5.524043203504909,
    "Zygote": "error"
  },
  "dynamic_constraint": {
    "__category__": "Core Turing syntax",
    "EnzymeForward": 2.492307061932761,
    "EnzymeReverse": 2.5133950748704845,
    "FiniteDifferences": 37.2160411311054,
    "ForwardDiff": 1.3037396074720462,
    "Mooncake": 7.690645228648986,
    "ReverseDiff": 31.85657312209579,
    "ReverseDiffCompiled": 2.7165570368939327,
    "Zygote": 1421.708569374797
  },
  "metabayesian_MH": {
    "__category__": "Miscellaneous features",
    "EnzymeForward": "error",
    "EnzymeReverse": "error",
    "FiniteDifferences": 25.82716659207266,
    "ForwardDiff": "error",
    "Mooncake": "error",
    "ReverseDiff": "error",
    "ReverseDiffCompiled": "error",
    "Zygote": "error"
  },
  "multiple_constraints_same_var": {
    "__category__": "Core Turing syntax",
    "EnzymeForward": 2.873993291682792,
    "EnzymeReverse": 9.425309319308337,
    "FiniteDifferences": 60.25067857756399,
    "ForwardDiff": 1.281232757563682,