{
  "assume_beta": {
    "EnzymeForward": 2.5447416362670596,
    "EnzymeReverse": 4.194293292418214,
    "FiniteDifferences": 24.55847791525541,
    "ForwardDiff": 1.6758615551712914,
    "Mooncake": 7.162994754411064,
    "ReverseDiff": 27.183865278488934,
    "ReverseDiffCompiled": 2.579841780354333,
    "Zygote": 918.831126741139
  },
  "assume_dirichlet": {
    "EnzymeForward": 2.5341848148655437,
    "EnzymeReverse": 3.323309543654928,
    "FiniteDifferences": 21.131317121201715,
    "ForwardDiff": 1.319161904966489,
    "Mooncake": 8.245518183370326,
    "ReverseDiff": 26.44832675476231,
    "ReverseDiffCompiled": 2.845386052502715,
    "Zygote": 743.2035631240597
  },
  "demo_assume_dot_observe_literal": {
    "EnzymeForward": 2.769023569023569,
    "EnzymeReverse": 2.813029249335242,
    "FiniteDifferences": 37.6616863803002,
    "ForwardDiff": 1.3210314489104875,
    "Mooncake": 8.296587465927304,
    "ReverseDiff": 29.03054263023476,
    "ReverseDiffCompiled": 3.1568191780407804,
    "Zygote": 1770.084579373952
  },
  "demo_assume_index_observe": {
    "EnzymeForward": 3.155018169499877,
    "EnzymeReverse": 4.056764427625354,
    "FiniteDifferences": 59.75533625230896,
    "ForwardDiff": 1.2735443903922163,
    "Mooncake": 6.455344393826069,
    "ReverseDiff": 22.878189747272184,
    "ReverseDiffCompiled": 2.3261615216713443,
    "Zygote": "error"
  },
  "demo_assume_matrix_observe_matrix_index": {
    "EnzymeForward": 3.715666375512923,
    "EnzymeReverse": 7.261463414634145,
    "FiniteDifferences": 64.89644691332145,
    "ForwardDiff": 1.4010734504815823,
    "Mooncake": 9.075930797248077,
    "ReverseDiff": 46.06850860907866,
    "ReverseDiffCompiled": 3.0355532196263266,
    "Zygote": "error"
  },
  "demo_assume_multivariate_observe": {
    "EnzymeForward": 3.8993410825734895,
    "EnzymeReverse": 7.478501041924205,
    "FiniteDifferences": 66.17489148813779,
    "ForwardDiff": 1.3945379621789444,
    "Mooncake": 9.173472006021314,
    "ReverseDiff": 47.31521855869402,
    "ReverseDiffCompiled": 2.9628869692250723,
    "Zygote": 1417.8837888946193
  },
  "demo_assume_multivariate_observe_literal": {
    "EnzymeForward": 3.8028129689735803,
    "EnzymeReverse": 6.94985585891131,
    "FiniteDifferences": 66.14706749700764,
    "ForwardDiff": 1.415853662942566,
    "Mooncake": 8.517205112992826,
    "ReverseDiff": 45.888285827252794,
    "ReverseDiffCompiled": 2.9721886186278494,
    "Zygote": 1270.6650719437498
  },
  "demo_assume_observe_literal": {
    "EnzymeForward": 2.873532086130511,
    "EnzymeReverse": 2.8483820938623547,
    "FiniteDifferences": 38.94719918767981,
    "ForwardDiff": 1.3752508361204014,
    "Mooncake": 8.268380320619126,
    "ReverseDiff": 32.29148780232436,
    "ReverseDiffCompiled": 3.567462443358111,
    "Zygote": 1687.2390831640112
  },
  "demo_assume_submodel_observe_index_literal": {
    "EnzymeForward": 3.566773392728707,
    "EnzymeReverse": 4.592891408634976,
    "FiniteDifferences": 60.59570055989494,
    "ForwardDiff": 1.268083230205771,
    "Mooncake": 6.092028447086296,
    "ReverseDiff": 28.158586099832814,
    "ReverseDiffCompiled": 2.2633909816552302,
    "Zygote": "error"
  },
  "demo_dot_assume_observe": {
    "EnzymeForward": 3.5894144064708025,
    "EnzymeReverse": 6.698639741971673,
    "FiniteDifferences": 62.35908657748915,
    "ForwardDiff": 1.3076305834172075,
    "Mooncake": 7.524,
    "ReverseDiff": 37.85737339055794,
    "ReverseDiffCompiled": 2.544305551404764,
    "Zygote": "error"
  },
  "demo_dot_assume_observe_index": {
    "EnzymeForward": 3.5642482293795057,
    "EnzymeReverse": 5.985734439365725,
    "FiniteDifferences": 62.61531045121482,
    "ForwardDiff": 1.3027884581590696,
    "Mooncake": 7.057515501389779,
    "ReverseDiff": 33.647014275436405,
    "ReverseDiffCompiled": 2.830847031285482,
    "Zygote": "error"
  },
  "demo_dot_assume_observe_index_literal": {
    "EnzymeForward": 3.5997132013124156,
    "EnzymeReverse": 4.736459720804719,
    "FiniteDifferences": 62.591642482034274,
    "ForwardDiff": 1.3164834398356058,
    "Mooncake": 6.700660163562913,
    "ReverseDiff": 34.460231158528245,
    "ReverseDiffCompiled": 2.8757530388906716,
    "Zygote": "error"
  },
  "assume_lkjcholu": {
    "EnzymeForward": 4.504527008966539,
    "EnzymeReverse": 13.958678251351166,
    "FiniteDifferences": 152.8954689984102,
    "ForwardDiff": 2.5300294217977144,
    "Mooncake": 6.311036789297659,
    "ReverseDiff": 50.08107454017425,
    "ReverseDiffCompiled": 6.689221556886228,
    "Zygote": "error"
  },
  "demo_dot_assume_observe_matrix_index": {
    "EnzymeForward": 3.796223282838763,
    "EnzymeReverse": 6.400063687506634,
    "FiniteDifferences": 62.61352493660186,
    "ForwardDiff": 1.2795484270668411,
    "Mooncake": 7.21451208469736,
    "ReverseDiff": 36.21486706456864,
    "ReverseDiffCompiled": 2.5040503785481785,
    "Zygote": "error"
  },
  "demo_dot_assume_observe_submodel": {
    "EnzymeForward": 3.5949115667829337,
    "EnzymeReverse": 5.895891863238803,
    "FiniteDifferences": 59.76541768389769,
    "ForwardDiff": 1.2199662800797018,
    "Mooncake": 6.056532290448173,
    "ReverseDiff": 30.432524733302817,
    "ReverseDiffCompiled": 1.9541257957536453,
    "Zygote": "error"
  },
  "dot_assume": {
    "EnzymeForward": 2.8683917996340527,
    "EnzymeReverse": 2.228964274844324,
    "FiniteDifferences": 78.4012041974884,
    "ForwardDiff": 1.3896065197052443,
    "Mooncake": 5.207028212190997,
    "ReverseDiff": 22.691744964116072,
    "ReverseDiffCompiled": 2.1410265250770006,
    "Zygote": "error"
  },
  "dot_observe": {
    "EnzymeForward": 2.7186242740289863,
    "EnzymeReverse": 2.5167772815095475,
    "FiniteDifferences": 29.30489774875408,
    "ForwardDiff": 1.653408273740987,
    "Mooncake": 9.751101267380337,
    "ReverseDiff": 56.252283420979786,
    "ReverseDiffCompiled": 5.522326158039706,
    "Zygote": "error"
  },
  "dynamic_constraint": {
    "EnzymeForward": 2.4862609054063336,
    "EnzymeReverse": 2.5296131157890587,
    "FiniteDifferences": 36.97754007016579,
    "ForwardDiff": 1.282472281425903,
    "Mooncake": 7.61272492634347,
    "ReverseDiff": 30.95255474452555,
    "ReverseDiffCompiled": 2.7643078405727266,
    "Zygote": 1237.7784928027095
  },
  "multiple_constraints_same_var": {
    "EnzymeForward": 5.121773835920177,
    "EnzymeReverse": 25.78689177928336,
    "FiniteDifferences": 59.703348592437735,
    "ForwardDiff": 1.268195285327837,
    "Mooncake": 12.513420378194915,
    "ReverseDiff": 27.106975816685395,
    "ReverseDiffCompiled": 2.3707866267582216,
    "Zygote": "error"
  },
  "multithreaded": {
    "EnzymeForward": 2.72845994585125,
    "EnzymeReverse": 10.14539665693818,
    "FiniteDifferences": 15.077241269588738,
    "ForwardDiff": 0.9372329437347104,
    "Mooncake": "error",
    "ReverseDiff": "error",
    "ReverseDiffCompiled": "error",
    "Zygote": "error"
  },
  "n010": {
    "EnzymeForward": 4.120254097497631,
    "EnzymeReverse": 2.0675200785606562,
    "FiniteDifferences": 137.08978940429517,
    "ForwardDiff": 1.6392947838997836,
    "Mooncake": 4.891565896620417,
    "ReverseDiff": 23.777459574616703,
    "ReverseDiffCompiled": 2.3391496508441616,
    "Zygote": "error"
  },
  "n050": {
    "EnzymeForward": 20.270969291748408,
    "EnzymeReverse": 2.3055181177557857,
    "FiniteDifferences": 617.7195242423046,
    "ForwardDiff": 8.382283479809516,
    "Mooncake": 3.9279596574081483,
    "ReverseDiff": 25.630488682716148,
    "ReverseDiffCompiled": 2.3920149520817593,
    "Zygote": "error"
  },
  "n100": {
    "EnzymeForward": 36.69893789236783,
    "EnzymeReverse": 2.205205883525332,
    "FiniteDifferences": 1229.902982393101,
    "ForwardDiff": 13.396000965561637,
    "Mooncake": 3.7427586480168005,
    "ReverseDiff": 26.03286968372951,
    "ReverseDiffCompiled": 2.4686556347384947,
    "Zygote": "error"
  },
  "assume_mvnormal": {
    "EnzymeForward": "error",
    "EnzymeReverse": 5.21675946386699,