{
  "assume_beta": {
    "__category__": "Distributions",
    "EnzymeForward": 2.5706993606222395,
    "EnzymeReverse": 3.351535658511192,
    "FiniteDifferences": 23.99413881748072,
    "ForwardDiff": 1.694832442375122,
    "Mooncake": 6.764048593851517,
    "ReverseDiff": 28.24453129425092,
    "ReverseDiffCompiled": 2.613602826096678,
    "Zygote": 1030.6391930835734
  },
  "assume_dirichlet": {
    "__category__": "Distributions",
    "EnzymeForward": 2.511654808802554,
    "EnzymeReverse": 3.262142491030241,
    "FiniteDifferences": 23.343070980202803,
    "ForwardDiff": 1.2925815560790677,
    "Mooncake": 8.318449133642135,
    "ReverseDiff": 26.83678395376509,
    "ReverseDiffCompiled": 2.575074676596267,
    "Zygote": "error"
  },
  "demo_assume_dot_observe_literal": {
    "__category__": "DynamicPPL demo models",
    "EnzymeForward": 2.49652365609632,
    "EnzymeReverse": 2.675089962617476,
    "FiniteDifferences": 37.28199281370923,
    "ForwardDiff": 1.3209280111684638,
    "Mooncake": 8.455050264909659,
    "ReverseDiff": 28.804083998090952,
    "ReverseDiffCompiled": 3.532151330283003,
    "Zygote": 1877.0904910494332
  },
  "demo_assume_index_observe": {
    "__category__": "DynamicPPL demo models",
    "EnzymeForward": 3.1533722438391703,
    "EnzymeReverse": 4.033823063101152,
    "FiniteDifferences": 60.81634224898473,
    "ForwardDiff": 1.2598334158083866,
    "Mooncake": 6.3327440511968325,
    "ReverseDiff": 24.008991740145678,
    "ReverseDiffCompiled": 2.3251866196509874,
    "Zygote": "error"
  },
  "demo_assume_matrix_observe_matrix_index": {
    "__category__": "DynamicPPL demo models",
    "EnzymeForward": 3.560613386751399,
    "EnzymeReverse": 7.154744525547445,
    "FiniteDifferences": 67.12330226364847,
    "ForwardDiff": 1.4666304966462944,
    "Mooncake": 8.692031975244973,
    "ReverseDiff": 43.248142644873695,
    "ReverseDiffCompiled": 2.8451615848555094,
    "Zygote": "error"
  },
  "demo_assume_multivariate_observe": {
    "__category__": "DynamicPPL demo models",
    "EnzymeForward": 3.6025322014051517,
    "EnzymeReverse": 7.416676965577405,
    "FiniteDifferences": 68.39735099337749,
    "ForwardDiff": 1.450242106784455,
    "Mooncake": 9.188235294117646,
    "ReverseDiff": 45.07096216963206,
    "ReverseDiffCompiled": 3.022111039380246,
    "Zygote": 1502.2417338048194
  },
  "demo_assume_multivariate_observe_literal": {
    "__category__": "DynamicPPL demo models",
    "EnzymeForward": 3.558045150493114,
    "EnzymeReverse": 6.724438202247192,
    "FiniteDifferences": 67.64940281154212,
    "ForwardDiff": 1.415143032974014,
    "Mooncake": 8.340743254708977,
    "ReverseDiff": 46.212310744942414,
    "ReverseDiffCompiled": 2.9125782231247204,
    "Zygote": 1969.1560075200823
  },
  "demo_assume_observe_literal": {
    "__category__": "DynamicPPL demo models",
    "EnzymeForward": 2.7812184699388687,
    "EnzymeReverse": 2.871034267263827,
    "FiniteDifferences": 37.29783456343128,
    "ForwardDiff": 1.3485256380706525,
    "Mooncake": 8.226264765823693,
    "ReverseDiff": 31.47260579064588,
    "ReverseDiffCompiled": 3.816969745872121,
    "Zygote": 1754.6515355882962
  },
  "demo_assume_submodel_observe_index_literal": {
    "__category__": "DynamicPPL demo models",
    "EnzymeForward": 3.1317489741559283,
    "EnzymeReverse": 4.908216204675657,
    "FiniteDifferences": 61.606341547475445,
    "ForwardDiff": 1.2284004256939494,
    "Mooncake": 5.81388507205017,
    "ReverseDiff": 27.216520561613567,
    "ReverseDiffCompiled": 2.230497216448044,
    "Zygote": "error"
  },
  "demo_dot_assume_observe": {
    "__category__": "DynamicPPL demo models",
    "EnzymeForward": 3.700056513139305,
    "EnzymeReverse": 6.119205437960061,
    "FiniteDifferences": 63.53486424233964,
    "ForwardDiff": 1.2724194480822095,
    "Mooncake": 6.5958927650799115,
    "ReverseDiff": 36.771786845135296,
    "ReverseDiffCompiled": 2.326742887325106,
    "Zygote": "error"
  },
  "demo_dot_assume_observe_index": {
    "__category__": "DynamicPPL demo models",
    "EnzymeForward": 3.5500300215448735,
    "EnzymeReverse": 5.13579548134522,
    "FiniteDifferences": 63.646247763393326,
    "ForwardDiff": 1.286008084533012,
    "Mooncake": 6.998295357204043,
    "ReverseDiff": 30.200685753471625,
    "ReverseDiffCompiled": 2.750300062412982,
    "Zygote": "error"
  },
  "demo_dot_assume_observe_index_literal": {
    "__category__": "DynamicPPL demo models",
    "EnzymeForward": 3.6621904254744426,
    "EnzymeReverse": 4.632037400825377,
    "FiniteDifferences": 62.51402830489838,
    "ForwardDiff": 1.273461463241177,
    "Mooncake": 6.769355685437301,
    "ReverseDiff": 31.84457396613933,
    "ReverseDiffCompiled": 2.6690663019221077,
    "Zygote": "error"
  },
  "assume_lkjcholu": {
    "__category__": "Distributions",
    "EnzymeForward": 2.2607163828537877,
    "EnzymeReverse": 14.461105406649436,
    "FiniteDifferences": 153.32745622568095,
    "ForwardDiff": 2.295038976422066,
    "Mooncake": 6.483662880381433,
    "ReverseDiff": 48.734568221518884,
    "ReverseDiffCompiled": 6.620156922649633,
    "Zygote": "error"
  },
  "demo_dot_assume_observe_matrix_index": {
    "__category__": "DynamicPPL demo models",
    "EnzymeForward": 3.365961703343813,
    "EnzymeReverse": 7.104962522161953,
    "FiniteDifferences": 63.1144386523458,
    "ForwardDiff": 1.2945316971951917,
    "Mooncake": 7.135124853012382,
    "ReverseDiff": 36.796873884804796,
    "ReverseDiffCompiled": 2.529561318356215,
    "Zygote": "error"
  },
  "demo_dot_assume_observe_submodel": {
    "__category__": "DynamicPPL demo models",
    "EnzymeForward": 3.1094839545836224,
    "EnzymeReverse": 5.585597074823865,
    "FiniteDifferences": 58.46664090222394,
    "ForwardDiff": 1.2255217575652886,
    "Mooncake": 5.94745398290419,
    "ReverseDiff": 28.879982527028506,
    "ReverseDiffCompiled": 1.9001676420963114,
    "Zygote": "error"
  },
  "dot_assume": {
    "__category__": "Core Turing syntax",
    "EnzymeForward": 2.828575376719089,
    "EnzymeReverse": 1.9065110480016623,
    "FiniteDifferences": 78.96578449905482,
    "ForwardDiff": 1.398893666942473,
    "Mooncake": 5.167583950404683,
    "ReverseDiff": 22.65682631668655,
    "ReverseDiffCompiled": 2.1942975635044064,
    "Zygote": "error"
  },
  "dot_observe": {
    "__category__": "Core Turing syntax",
    "EnzymeForward": 3.1181615386066515,
    "EnzymeReverse": 2.438291771244457,
    "FiniteDifferences": 29.396565990897805,
    "ForwardDiff": 1.6630918054962267,
    "Mooncake": 10.022077738430852,
    "ReverseDiff": 54.89860705073087,
    "ReverseDiffCompiled": 5.45610739642931,
    "Zygote": "error"
  },
  "dynamic_constraint": {
    "__category__": "Core Turing syntax",
    "EnzymeForward": 2.4108894694435627,
    "EnzymeReverse": 2.500006917064398,
    "FiniteDifferences": 37.55181974520057,
    "ForwardDiff": 1.314955097004182,
    "Mooncake": 8.086523307533358,
    "ReverseDiff": 31.977528864380496,
    "ReverseDiffCompiled": 2.475190117853161,
    "Zygote": 2091.1459499813363
  },
  "multiple_constraints_same_var": {
    "__category__": "Core Turing syntax",
    "EnzymeForward": 2.93679464191541,
    "EnzymeReverse": 9.496818515540328,
    "FiniteDifferences": 59.4395852119026,
    "ForwardDiff": 1.2708524194937143,
    "Mooncake": 12.182088980245966,
    "ReverseDiff": 27.464546704290576,
    "ReverseDiffCompiled": 2.3053675423382263,
    "Zygote": "error"
  },
  "multithreaded": {
    "__category__": "Base Julia features",
    "EnzymeForward": 2.84177621718837,
    "EnzymeReverse": 10.925571941357092,
    "FiniteDifferences": 15.967413071181502,
    "ForwardDiff": 1.0125633583156435,
    "Mooncake": "error",
    "ReverseDiff": "error",
    "ReverseDiffCompiled": "wrong",
    "Zygote": "error"
  },
  "n010": {
    "__category__": "Effect of model size",
    "EnzymeForward": 4.295407260632652,
    "EnzymeReverse": 1.946999729705379,
    "FiniteDifferences": 138.4904847019241,