{
  "assume_beta": {
    "EnzymeForward": 2.6523801633840964,
    "EnzymeReverse": 4.419368373855786,
    "FiniteDifferences": 23.185944458999213,
    "ForwardDiff": 1.7319285355591982,
    "Mooncake": 7.40538265472845,
    "ReverseDiff": 28.515091437994478,
    "ReverseDiffCompiled": 3.1049693815232757,
    "Zygote": 868.0071590830868
  },
  "assume_dirichlet": {
    "EnzymeForward": 2.5003682714501094,
    "EnzymeReverse": 2.9685381891755185,
    "FiniteDifferences": 22.28316913967138,
    "ForwardDiff": 1.3049481595646952,
    "Mooncake": 8.495533859576236,
    "ReverseDiff": 13.789240117430191,
    "ReverseDiffCompiled": 2.477292129076319,
    "Zygote": 516.2918212391222
  },
  "demo_assume_index_observe": {
    "EnzymeForward": 2.970663374838986,
    "EnzymeReverse": 4.197186556354798,
    "FiniteDifferences": 61.52507095553453,
    "ForwardDiff": 1.3091696822814647,
    "Mooncake": 6.612391193036354,
    "ReverseDiff": 23.475999168802378,
    "ReverseDiffCompiled": 2.4171974522292996,
    "Zygote": "error"
  },
  "demo_assume_matrix_observe_matrix_index": {
    "EnzymeForward": 3.692524292132484,
    "EnzymeReverse": 7.110353456365344,
    "FiniteDifferences": 64.90348936170213,
    "ForwardDiff": 1.4231553240307637,
    "Mooncake": 8.807931988858725,
    "ReverseDiff": 30.28355117491608,
    "ReverseDiffCompiled": 2.983154322499388,
    "Zygote": "error"
  },
  "demo_assume_multivariate_observe": {
    "EnzymeForward": 4.799309115221752,
    "EnzymeReverse": 5.224259421560036,
    "FiniteDifferences": 67.61737366908908,
    "ForwardDiff": 1.4298414134734743,
    "Mooncake": 8.269457114748235,
    "ReverseDiff": 30.46886711363246,
    "ReverseDiffCompiled": 3.070358536391145,
    "Zygote": 1460.0042693843823
  },
  "demo_assume_multivariate_observe_literal": {
    "EnzymeForward": 3.7019921194329757,
    "EnzymeReverse": 4.714860110571285,
    "FiniteDifferences": 66.36155480907657,
    "ForwardDiff": 1.4326641883519207,
    "Mooncake": 8.517117618418308,
    "ReverseDiff": 29.227993324989573,
    "ReverseDiffCompiled": 3.1515183578457306,
    "Zygote": 1315.3266586248492
  },
  "demo_assume_observe_literal": {
    "EnzymeForward": 2.8704644890427646,
    "EnzymeReverse": 3.0147819660014785,
    "FiniteDifferences": 37.94853501419963,
    "ForwardDiff": 1.3677367213409175,
    "Mooncake": 8.384942019512431,
    "ReverseDiff": 33.716141514648974,
    "ReverseDiffCompiled": 3.7028727128263115,
    "Zygote": 1610.8261831344687
  },
  "demo_assume_submodel_observe_index_literal": {
    "EnzymeForward": 2.834227058976599,
    "EnzymeReverse": 4.527281674588314,
    "FiniteDifferences": 58.873838734841506,
    "ForwardDiff": 1.2125592431819738,
    "Mooncake": 6.206011560693642,
    "ReverseDiff": 21.72903181379975,
    "ReverseDiffCompiled": 2.2678356022746855,
    "Zygote": "error"
  },
  "demo_dot_assume_observe": {
    "EnzymeForward": 3.859130003893392,
    "EnzymeReverse": 6.45679146827837,
    "FiniteDifferences": 59.385289686344336,
    "ForwardDiff": 1.301712271973466,
    "Mooncake": 7.45712983535578,
    "ReverseDiff": 25.805968087310905,
    "ReverseDiffCompiled": 2.6821883791199252,
    "Zygote": "error"
  },
  "demo_dot_assume_observe_index": {
    "EnzymeForward": 3.5846637306174878,
    "EnzymeReverse": 5.1529893783676775,
    "FiniteDifferences": 63.03159668585873,
    "ForwardDiff": 1.3329134475422686,
    "Mooncake": 6.76158577349913,
    "ReverseDiff": 26.84033441392254,
    "ReverseDiffCompiled": 2.855702156144307,
    "Zygote": "error"
  },
  "demo_dot_assume_observe_index_literal": {
    "EnzymeForward": 3.6224409137617575,
    "EnzymeReverse": 4.605721076309312,
    "FiniteDifferences": 61.08968795205621,
    "ForwardDiff": 1.3360857847353635,
    "Mooncake": 7.646093617021276,
    "ReverseDiff": 27.4241794765268,
    "ReverseDiffCompiled": 2.9025798697000313,
    "Zygote": "error"
  },
  "demo_dot_assume_observe_matrix_index": {
    "EnzymeForward": 3.82259425756558,
    "EnzymeReverse": 6.487474591715148,
    "FiniteDifferences": 60.05265942437923,
    "ForwardDiff": 1.2671934212780538,
    "Mooncake": 7.583564690928553,
    "ReverseDiff": 25.109977842647627,
    "ReverseDiffCompiled": 2.6416343141879226,
    "Zygote": "error"
  },
  "assume_lkjcholu": {
    "EnzymeForward": 6.970221144042472,
    "EnzymeReverse": 12.313732954938743,
    "FiniteDifferences": 151.42139943520553,
    "ForwardDiff": 2.34121135257421,
    "Mooncake": 6.325744790769761,
    "ReverseDiff": 52.27905393908457,
    "ReverseDiffCompiled": 6.360796006101789,
    "Zygote": "error"
  },
  "demo_dot_assume_observe_submodel": {
    "EnzymeForward": 3.223120248653785,
    "EnzymeReverse": 5.529614208021755,
    "FiniteDifferences": 58.959373782453156,
    "ForwardDiff": 1.2419863280558212,
    "Mooncake": 6.014434119858008,
    "ReverseDiff": 20.162006341885267,
    "ReverseDiffCompiled": 2.0862070998243314,
    "Zygote": "error"
  },
  "dot_assume": {
    "EnzymeForward": 2.804729837928041,
    "EnzymeReverse": 2.2580134797329365,
    "FiniteDifferences": 78.56864306988986,
    "ForwardDiff": 1.382532721400646,
    "Mooncake": 5.0044401446837385,
    "ReverseDiff": 23.658256584411507,
    "ReverseDiffCompiled": 2.3123386609545777,
    "Zygote": "error"
  },
  "dot_observe": {
    "EnzymeForward": 2.6795636962337928,
    "EnzymeReverse": 2.5288562889845116,
    "FiniteDifferences": 28.828326033397207,
    "ForwardDiff": 1.7060723160125701,
    "Mooncake": 10.32287734825806,
    "ReverseDiff": 56.403282411230386,
    "ReverseDiffCompiled": 5.790898350594553,
    "Zygote": "error"
  },
  "dynamic_constraint": {
    "EnzymeForward": 2.4524873009732153,
    "EnzymeReverse": 2.5418829831067162,
    "FiniteDifferences": 36.380398162327715,
    "ForwardDiff": 1.335020949275467,
    "Mooncake": 8.183761272113994,
    "ReverseDiff": 34.54054054054054,
    "ReverseDiffCompiled": 2.758026989297348,
    "Zygote": 1217.2642019837692
  },
  "multiple_constraints_same_var": {
    "EnzymeForward": 5.039398117146571,
    "EnzymeReverse": 26.44351991931417,
    "FiniteDifferences": 58.49141696292534,
    "ForwardDiff": 1.2199220266026884,
    "Mooncake": 12.49469352393329,
    "ReverseDiff": 20.238369415016123,
    "ReverseDiffCompiled": 2.2246251774654042,
    "Zygote": "error"
  },
  "multithreaded": {
    "EnzymeForward": 3.3393469562732205,
    "EnzymeReverse": 11.576835526061961,
    "FiniteDifferences": 15.619206807476067,
    "ForwardDiff": 1.095704384268214,
    "Mooncake": "error",
    "ReverseDiff": 4.276658910374709,
    "ReverseDiffCompiled": "error",
    "Zygote": "error"
  },
  "n010": {
    "EnzymeForward": 4.780039436029874,
    "EnzymeReverse": 2.1130242598684212,
    "FiniteDifferences": 141.37263835626078,
    "ForwardDiff": 1.7160916717293797,
    "Mooncake": 5.74768615902398,
    "ReverseDiff": 24.30307309278734,
    "ReverseDiffCompiled": 2.470078034377307,
    "Zygote": "error"
  },
  "n050": {
    "EnzymeForward": 19.517367316807828,
    "EnzymeReverse": 2.3329987553699767,
    "FiniteDifferences": 638.3122801407098,
    "ForwardDiff": 10.88135593220339,
    "Mooncake": 4.043576137642708,
    "ReverseDiff": 25.201189917018944,
    "ReverseDiffCompiled": 2.4376067018700125,
    "Zygote": "error"
  },
  "n100": {
    "EnzymeForward": 36.792384832340964,
    "EnzymeReverse": 2.347353212666051,
    "FiniteDifferences": 1147.8292628443783,
    "ForwardDiff": 13.822595263427512,
    "Mooncake": 4.68715732180734,
    "ReverseDiff": 25.5699485994342,
    "ReverseDiffCompiled": 2.483457045859946,
    "Zygote": "error"
  },
  "n500": {
    "EnzymeForward": 183.7013131995652,
    "EnzymeReverse": 2.341286113699907,
    "FiniteDifferences": 6646.327770686585,
    "ForwardDiff": 57.024917586355166,
    "Mooncake": 4.115521549031855,
    "ReverseDiff": 23.50186969653387,
    "ReverseDiffCompiled": 2.406024469796479,
    "Zygote": "error"
  },
  "assume_mvnormal": {
    "EnzymeForward": "error",
    "EnzymeReverse": 5.395921113196191,